date,bin_1,bin_2,bin_3,bin_4,bin_5,bin_6,bin_7,bin_8,bin_9,bin_10,bin_11,bin_12,bin_13,bin_14,bin_15,bin_16,bin_17,bin_18,bin_19,bin_20
1980-01-22,0.01,0.01,0.01,0.01,0.01,0.01,0.01,0.01,0.01,0.01,0.01,0.01,0.01,0.01,0.01,0.01,0.01,0.01,0.01,0.01
1980-01-23,0.04,0.04,0.04,0.04,0.04,0.04,0.04,0.04,0.04,0.04,0.04,0.04,0.04,0.04,0.04,0.04,0.04,0.04,0.04,0.04
1980-01-24,0.01,0.01,0.01,0.01,0.01,0.01,0.01,0.01,0.01,0.01,0.01,0.01,0.01,0.01,0.01,0.01,0.01,0.01,0.01,0.01
1980-01-25,0.02,0.02,0.02,0.02,0.02,0.02,0.02,0.02,0.02,0.02,0.02,0.02,0.02,0.02,0.02,0.02,0.02,0.02,0.02,0.02
1980-01-26,0.03,0.03,0.03,0.03,0.03,0.03,0.03,0.03,0.03,0.03,0.03,0.03,0.03,0.03,0.03,0.03,0.03,0.03,0.03,0.03
1980-01-27,0.01,0.01,0.01,0.01,0.01,0.01,0.01,0.01,0.01,0.01,0.01,0.01,0.01,0.01,0.01,0.01,0.01,0.01,0.01,0.01
1980-01-28,0.03,0.03,0.03,0.03,0.03,0.03,0.03,0.03,0.03,0.03,0.03,0.03,0.03,0.03,0.03,0.03,0.03,0.03,0.03,0.03
1980-01-29,0.09,0.09,0.09,0.09,0.09,0.09,0.09,0.09,0.09,0.09,0.09,0.09,0.09,0.09,0.09,0.09,0.09,0.09,0.09,0.09
1980-01-30,0.02,0.02,0.02,0.02,0.02,0.02,0.02,0.02,0.02,0.02,0.02,0.02,0.02,0.02,0.02,0.02,0.02,0.02,0.02,0.02
1980-01-31,0.08,0.08,0.08,0.08,0.08,0.08,0.08,0.08,0.08,0.08,0.08,0.08,0.08,0.08,0.08,0.08,0.08,0.08,0.08,0.08
1980-02-01,0.03,0.03,0.03,0.03,0.03,0.03,0.03,0.03,0.03,0.03,0.03,0.03,0.03,0.03,0.03,0.03,0.03,0.03,0.03,0.03
1980-02-02,0.01,0.01,0.01,0.01,0.01,0.01,0.01,0.01,0.01,0.01,0.01,0.01,0.01,0.01,0.01,0.01,0.01,0.01,0.01,0.01
1980-02-03,0.01,0.01,0.01,0.01,0.01,0.01,0.01,0.01,0.01,0.01,0.01,0.01,0.01,0.01,0.01,0.01,0.01,0.01,0.01,0.01
1980-02-04,0.01,0.01,0.01,0.01,0.01,0.01,0.01,0.01,0.01,0.01,0.01,0.01,0.01,0.01,0.01,0.01,0.01,0.01,0.01,0.01
1980-02-05,0.11,0.11,0.11,0.11,0.11,0.11,0.11,0.11,0.11,0.11,0.11,0.11,0.11,0.11,0.11,0.11,0.11,0.11,0.11,0.11
1980-02-06,0.01,0.01,0.01,0.01,0.01,0.01,0.01,0.01,0.01,0.01,0.01,0.01,0.01,0.01,0.01,0.01,0.01,0.01,0.01,0.01
1980-02-07,0.01,0.01,0.01,0.01,0.01,0.01,0.01,0.01,0.01,0.01,0.01,0.01,0.01,0.01,0.01,0.01,0.01,0.01,0.01,0.01
1980-02-08,0.01,0.01,0.01,0.01,0.01,0.01,0.01,0.01,0.01,0.01,0.01,0.01,0.01,0.01,0.01,0.01,0.01,0.01,0.01,0.01
1980-02-09,0.02,0.02,0.02,0.02,0.02,0.02,0.02,0.02,0.02,0.02,0.02,0.02,0.02,0.02,0.02,0.02,0.02,0.02,0.02,0.02
1980-02-10,0.02,0.02,0.02,0.02,0.02,0.02,0.02,0.02,0.02,0.02,0.02,0.02,0.02,0.02,0.02,0.02,0.02,0.02,0.02,0.02
1980-02-11,0.02,0.02,0.02,0.02,0.02,0.02,0.02,0.02,0.02,0.02,0.02,0.02,0.02,0.02,0.02,0.02,0.02,0.02,0.02,0.02
1980-02-12,0.01,0.01,0.01,0.01,0.01,0.01,0.01,0.01,0.01,0.01,0.01,0.01,0.01,0.01,0.01,0.01,0.01,0.01,0.01,0.01
1980-02-13,0.02,0.02,0.02,0.02,0.02,0.02,0.02,0.02,0.02,0.02,0.02,0.02,0.02,0.02,0.02,0.02,0.02,0.02,0.02,0.02
1980-02-14,0.06,0.06,0.06,0.06,0.06,0.06,0.06,0.06,0.06,0.06,0.06,0.06,0.06,0.06,0.06,0.06,0.06,0.06,0.06,0.06
1980-02-15,0.07,0.07,0.07,0.07,0.07,0.07,0.07,0.07,0.07,0.07,0.07,0.07,0.07,0.07,0.07,0.07,0.07,0.07,0.07,0.07
1980-02-16,0.02,0.02,0.02,0.02,0.02,0.02,0.02,0.02,0.02,0.02,0.02,0.02,0.02,0.02,0.02,0.02,0.02,0.02,0.02,0.02
1980-02-17,0.16,0.16,0.16,0.16,0.16,0.16,0.16,0.16,0.15,0.15,0.15,0.15,0.15,0.15,0.15,0.15,0.15,0.15,0.15,0.15
1980-02-18,0.02,0.02,0.02,0.02,0.02,0.02,0.02,0.02,0.02,0.02,0.02,0.02,0.02,0.02,0.02,0.02,0.02,0.02,0.02,0.02
1980-02-19,0.17,0.17,0.17,0.17,0.17,0.17,0.17,0.17,0.16,0.15,0.15,0.15,0.15,0.15,0.15,0.15,0.15,0.15,0.15,0.15
1980-02-20,0.03,0.03,0.03,0.03,0.03,0.03,0.03,0.03,0.03,0.03,0.03,0.03,0.03,0.03,0.03,0.03,0.03,0.03,0.03,0.03
1980-02-21,0.02,0.02,0.02,0.02,0.02,0.02,0.02,0.02,0.02,0.02,0.02,0.02,0.02,0.02,0.02,0.02,0.02,0.02,0.02,0.02
1980-02-22,0.04,0.04,0.04,0.04,0.04,0.04,0.04,0.04,0.04,0.04,0.04,0.04,0.04,0.04,0.04,0.04,0.04,0.04,0.04,0.04
1980-02-23,0.07,0.07,0.07,0.07,0.07,0.07,0.07,0.07,0.06,0.06,0.06,0.06,0.06,0.06,0.06,0.06,0.06,0.06,0.06,0.06
1980-02-24,0.09,0.09,0.09,0.09,0.09,0.09,0.09,0.09,0.08,0.08,0.08,0.08,0.08,0.08,0.08,0.08,0.08,0.08,0.08,0.08
1980-02-25,0.23,0.23,0.23,0.23,0.23,0.23,0.23,0.23,0.21,0.20,0.20,0.20,0.20,0.20,0.20,0.20,0.20,0.20,0.20,0.20
1980-02-26,0.07,0.07,0.07,0.07,0.07,0.07,0.07,0.07,0.07,0.06,0.06,0.06,0.06,0.06,0.06,0.06,0.06,0.06,0.06,0.06
1980-02-27,0.10,0.10,0.10,0.10,0.10,0.10,0.10,0.10,0.09,0.09,0.09,0.09,0.09,0.09,0.09,0.09,0.09,0.09,0.09,0.09
1980-02-28,0.08,0.08,0.08,0.08,0.08,0.08,0.08,0.08,0.08,0.07,0.07,0.07,0.07,0.07,0.07,0.07,0.07,0.07,0.07,0.07
1980-02-29,0.11,0.11,0.11,0.11,0.11,0.11,0.11,0.11,0.10,0.09,0.09,0.09,0.09,0.09,0.09,0.09,0.09,0.09,0.09,0.09
1980-03-01,0.03,0.03,0.03,0.03,0.03,0.03,0.03,0.03,0.03,0.03,0.03,0.03,0.03,0.03,0.03,0.03,0.03,0.03,0.03,0.03
1980-03-02,0.16,0.16,0.16,0.16,0.16,0.16,0.16,0.16,0.15,0.14,0.14,0.14,0.14,0.14,0.14,0.14,0.14,0.14,0.14,0.14
1980-03-03,0.11,0.11,0.11,0.11,0.11,0.11,0.11,0.11,0.10,0.10,0.10,0.10,0.10,0.10,0.10,0.10,0.10,0.10,0.10,0.10
1980-03-04,0.36,0.36,0.36,0.36,0.36,0.36,0.36,0.36,0.33,0.31,0.31,0.31,0.31,0.31,0.31,0.31,0.31,0.31,0.31,0.31
1980-03-05,0.41,0.41,0.41,0.41,0.41,0.41,0.41,0.41,0.37,0.36,0.36,0.36,0.36,0.36,0.36,0.36,0.36,0.36,0.36,0.36
1980-03-06,0.14,0.14,0.14,0.14,0.14,0.14,0.14,0.14,0.13,0.12,0.12,0.12,0.12,0.12,0.12,0.12,0.12,0.12,0.12,0.12
1980-03-07,0.12,0.12,0.12,0.12,0.12,0.12,0.12,0.12,0.11,0.11,0.11,0.11,0.11,0.11,0.11,0.11,0.11,0.11,0.11,0.11
1980-03-08,0.12,0.12,0.12,0.12,0.12,0.12,0.12,0.12,0.11,0.10,0.10,0.10,0.10,0.10,0.10,0.10,0.10,0.10,0.10,0.10
1980-03-09,0.18,0.18,0.18,0.18,0.18,0.18,0.18,0.18,0.16,0.15,0.15,0.15,0.15,0.15,0.15,0.15,0.15,0.15,0.15,0.15
1980-03-10,0.19,0.19,0.19,0.19,0.19,0.19,0.19,0.19,0.17,0.16,0.16,0.16,0.16,0.16,0.16,0.16,0.16,0.16,0.16,0.16
1980-03-11,0.19,0.19,0.19,0.19,0.19,0.19,0.19,0.19,0.17,0.16,0.16,0.16,0.16,0.16,0.16,0.16,0.16,0.16,0.16,0.16
1980-03-12,0.17,0.17,0.17,0.17,0.17,0.17,0.17,0.17,0.15,0.13,0.13,0.13,0.13,0.13,0.13,0.13,0.13,0.13,0.13,0.13
1980-03-13,0.73,0.73,0.73,0.73,0.73,0.73,0.73,0.73,0.64,0.57,0.57,0.57,0.57,0.57,0.57,0.57,0.57,0.57,0.57,0.57
1980-03-14,0.28,0.28,0.28,0.28,0.28,0.28,0.28,0.28,0.24,0.22,0.22,0.22,0.22,0.22,0.22,0.22,0.22,0.22,0.22,0.22
1980-03-15,0.11,0.11,0.11,0.11,0.11,0.11,0.11,0.11,0.10,0.09,0.09,0.09,0.09,0.09,0.09,0.09,0.09,0.09,0.09,0.09
1980-03-16,0.16,0.16,0.16,0.16,0.16,0.16,0.16,0.16,0.14,0.12,0.12,0.12,0.12,0.12,0.12,0.12,0.12,0.12,0.12,0.12
1980-03-17,0.07,0.07,0.07,0.07,0.07,0.07,0.07,0.07,0.06,0.05,0.05,0.05,0.05,0.05,0.05,0.05,0.05,0.05,0.05,0.05
1980-03-18,0.07,0.07,0.07,0.07,0.07,0.07,0.07,0.07,0.06,0.05,0.05,0.05,0.05,0.05,0.05,0.05,0.05,0.05,0.05,0.05
1980-03-19,0.02,0.02,0.02,0.02,0.02,0.02,0.02,0.02,0.01,0.01,0.01,0.01,0.01,0.01,0.01,0.01,0.01,0.01,0.01,0.01
1980-03-20,0.03,0.03,0.03,0.03,0.03,0.03,0.03,0.03,0.02,0.02,0.02,0.02,0.02,0.02,0.02,0.02,0.02,0.02,0.02,0.02
1980-03-21,0.03,0.03,0.03,0.03,0.03,0.03,0.03,0.03,0.02,0.02,0.02,0.02,0.02,0.02,0.02,0.02,0.02,0.02,0.02,0.02
1980-03-22,0.03,0.03,0.03,0.03,0.03,0.03,0.03,0.03,0.02,0.02,0.02,0.02,0.02,0.02,0.02,0.02,0.02,0.02,0.02,0.02
1980-03-23,0.46,0.46,0.46,0.46,0.46,0.46,0.46,0.46,0.46,0.46,0.46,0.43,0.43,0.43,0.43,0.43,0.43,0.43,0.43,0.43
1980-03-24,0.87,0.87,0.87,0.87,0.87,0.87,0.87,0.87,0.87,0.87,0.87,0.81,0.81,0.81,0.81,0.81,0.81,0.81,0.81,0.81
1980-03-25,0.87,0.87,0.87,0.87,0.87,0.87,0.87,0.87,0.87,0.87,0.87,0.81,0.81,0.81,0.81,0.81,0.81,0.81,0.81,0.81
1980-03-26,2.10,2.10,2.10,2.10,2.10,2.10,2.10,2.10,2.10,2.10,2.10,2.10,2.10,2.10,2.10,2.10,2.10,2.10,2.10,2.10
1980-03-27,1.19,1.19,1.19,1.19,1.19,1.19,1.19,1.19,1.19,1.19,1.19,1.19,1.19,1.19,1.19,1.19,1.19,1.19,1.19,1.19
1980-03-28,1.49,1.49,1.49,1.49,1.49,1.49,1.49,1.49,1.49,1.49,1.49,1.49,1.49,1.49,1.49,1.49,1.49,1.49,1.49,1.49
1980-03-29,1.34,1.34,1.34,1.34,1.34,1.34,1.34,1.34,1.34,1.34,1.34,1.34,1.34,1.34,1.34,1.34,1.34,1.34,1.34,1.34
1980-03-30,11.77,11.77,11.77,11.77,11.77,11.77,11.77,11.77,11.77,11.77,11.77,11.77,11.77,11.77,11.77,11.77,11.77,11.77,11.77,11.77
1980-03-31,21.68,21.68,21.68,21.68,21.68,21.68,21.68,21.68,21.68,21.68,21.68,21.68,21.68,21.68,21.68,21.68,21.68,21.68,21.68,21.68
1980-04-01,3.69,3.69,3.69,3.69,3.69,3.69,3.69,3.69,3.69,3.69,3.69,3.69,3.69,3.69,3.69,3.69,3.69,3.69,3.69,3.69
1980-04-02,1.08,1.08,1.08,1.08,1.08,1.08,1.08,1.08,1.08,1.08,1.08,1.08,1.08,1.08,1.08,1.08,1.08,1.08,1.08,1.08
1980-04-03,3.48,3.48,3.48,3.48,3.48,3.48,3.48,3.48,3.48,3.48,3.48,3.48,3.48,3.48,3.48,3.48,3.48,3.48,3.48,3.48
1980-04-04,27.16,27.16,27.16,27.16,27.16,27.16,27.16,27.16,27.16,27.16,27.16,27.16,27.16,27.16,27.16,27.16,27.16,27.16,27.16,27.16
1980-04-05,10.97,10.97,10.97,10.97,10.97,10.97,10.97,10.97,10.97,10.97,10.97,10.97,10.97,10.97,10.97,10.97,10.97,10.97,10.97,10.97
1980-04-06,2.71,2.71,2.71,2.71,2.71,2.71,2.71,2.71,2.71,2.71,2.71,2.71,2.71,2.71,2.71,2.71,2.71,2.71,2.71,2.71
1980-04-07,1.47,1.47,1.47,1.47,1.47,1.47,1.47,1.47,1.47,1.47,1.47,1.47,1.47,1.47,1.47,1.47,1.47,1.47,1.47,1.47
1980-04-08,2.09,2.09,2.09,2.09,2.09,2.09,2.09,2.09,2.09,2.09,2.09,2.09,2.09,2.09,2.09,2.09,2.09,2.09,2.09,2.09
1980-04-09,1.04,1.04,1.04,1.04,1.04,1.04,1.04,1.04,1.04,1.04,1.04,1.04,1.04,1.04,1.04,1.04,1.04,1.04,1.04,1.04
1980-04-10,4.95,4.95,4.95,4.95,4.95,4.95,4.95,4.95,4.95,4.95,4.95,4.95,4.95,4.95,4.95,4.95,4.95,4.95,4.95,4.95
1980-04-11,5.44,5.44,5.44,5.44,5.44,5.44,5.44,5.44,5.44,5.44,5.44,5.44,5.44,5.44,5.44,5.44,5.44,5.44,5.44,5.44
1980-04-12,2.28,2.28,2.28,2.28,2.28,2.28,2.28,2.28,2.28,2.28,2.28,2.28,2.28,2.28,2.28,2.28,2.28,2.28,2.28,2.28
1980-04-13,3.63,3.63,3.63,3.63,3.63,3.63,3.63,3.63,3.63,3.63,3.63,3.63,3.63,3.63,3.63,3.63,3.63,3.63,3.63,3.63
1980-04-14,4.69,4.69,4.69,4.69,4.69,4.69,4.69,4.69,4.69,4.69,4.69,4.69,4.69,4.69,4.69,4.69,4.69,4.69,4.69,4.69
1980-04-15,4.69,4.69,4.69,4.69,4.69,4.69,4.69,4.69,4.69,4.69,4.69,4.69,4.69,4.69,4.69,4.69,4.69,4.69,4.69,4.69
1980-04-16,1.52,1.52,1.52,1.52,1.52,1.52,1.52,1.52,1.52,1.52,1.52,1.52,1.52,1.52,1.52,1.52,1.52,1.52,1.52,1.52
1980-04-17,2.66,2.66,2.66,2.66,2.66,2.66,2.66,2.66,2.66,2.66,2.66,2.66,2.66,2.66,2.66,2.66,2.66,2.66,2.66,2.66
1980-04-18,4.00,4.00,4.00,4.00,4.00,4.00,4.00,4.00,4.00,4.00,4.00,4.00,4.00,4.00,4.00,4.00,4.00,4.00,4.00,4.00
1980-04-19,25.21,25.21,25.21,25.21,25.21,25.21,25.21,25.21,25.21,25.21,25.21,25.21,25.21,25.21,25.21,25.21,25.21,25.21,25.21,25.21
1980-04-20,4.65,4.65,4.65,4.65,4.65,4.65,4.65,4.65,4.65,4.65,4.65,4.65,4.65,4.65,4.65,4.65,4.65,4.65,4.65,4.65
1980-04-21,4.17,4.17,4.17,4.17,4.17,4.17,4.17,4.17,4.17,4.17,4.17,4.17,4.17,4.17,4.17,4.17,4.17,4.17,4.17,4.17
1980-04-22,1.65,1.65,1.65,1.65,1.65,1.65,1.65,1.65,1.65,1.65,1.65,1.65,1.65,1.65,1.65,1.65,1.65,1.65,1.65,1.65
1980-04-23,1.94,1.94,1.94,1.94,1.94,1.94,1.94,1.94,1.94,1.94,1.94,1.94,1.94,1.94,1.94,1.94,1.94,1.94,1.94,1.94
1980-04-24,1.57,1.57,1.57,1.57,1.57,1.57,1.57,1.57,1.57,1.57,1.57,1.57,1.57,1.57,1.57,1.57,1.57,1.57,1.57,1.57
1980-04-25,5.28,5.28,5.28,5.28,5.28,5.28,5.28,5.28,5.28,5.28,5.28,5.28,5.28,5.28,5.28,5.28,5.28,5.28,5.28,5.28
1980-04-26,2.52,2.52,2.52,2.52,2.52,2.52,2.52,2.52,2.52,2.52,2.52,2.52,2.52,2.52,2.52,2.52,2.52,2.52,2.52,2.52
1980-04-27,1.58,1.58,1.58,1.58,1.58,1.58,1.58,1.58,1.58,1.58,1.58,1.58,1.58,1.58,1.58,1.58,1.58,1.58,1.58,1.58
1980-04-28,1.58,1.58,1.58,1.58,1.58,1.58,1.58,1.58,1.58,1.58,1.58,1.58,1.58,1.58,1.58,1.58,1.58,1.58,1.58,1.58
1980-04-29,1.58,1.58,1.58,1.58,1.58,1.58,1.58,1.58,1.58,1.58,1.58,1.58,1.58,1.58,1.58,1.58,1.58,1.58,1.58,1.58
1980-04-30,1.58,1.58,1.58,1.58,1.58,1.58,1.58,1.58,1.58,1.58,1.58,1.58,1.58,1.58,1.58,1.58,1.58,1.58,1.58,1.58
1980-05-01,3.20,3.20,3.20,3.20,3.20,3.20,3.20,3.20,3.20,3.20,3.20,3.20,3.20,3.20,3.20,3.20,3.20,3.20,3.20,3.20
1980-05-02,25.71,25.71,25.71,25.71,25.71,25.71,25.71,25.71,25.71,25.71,25.71,25.71,25.71,25.71,25.71,25.71,25.71,25.71,25.71,25.71
1980-05-03,3.79,3.79,3.79,3.79,3.79,3.79,3.79,3.79,3.79,3.79,3.79,3.79,3.79,3.79,3.79,3.79,3.79,3.79,3.79,3.79
1980-05-04,6.03,6.03,6.03,6.03,6.03,6.03,6.03,6.03,6.03,6.03,6.03,6.03,6.03,6.03,6.03,6.03,6.03,6.03,6.03,6.03
1980-05-05,5.77,5.77,5.77,5.77,5.77,5.77,5.77,5.77,5.77,5.77,5.77,5.77,5.77,5.77,5.77,5.77,5.77,5.77,5.77,5.77
1980-05-06,8.64,8.64,8.64,8.64,8.64,8.64,8.64,8.64,8.64,8.64,8.64,8.64,8.64,8.64,8.64,8.64,8.64,8.64,8.64,8.64
1980-05-07,6.62,6.62,6.62,6.62,6.62,6.62,6.62,6.62,6.62,6.62,6.62,6.62,6.62,6.62,6.62,6.62,6.62,6.62,6.62,6.62
1980-05-08,6.62,6.62,6.62,6.62,6.62,6.62,6.62,6.62,6.62,6.62,6.62,6.62,6.62,6.62,6.62,6.62,6.62,6.62,6.62,6.62
1980-05-09,2.52,2.52,2.52,2.52,2.52,2.52,2.52,2.52,2.52,2.52,2.47,2.47,2.47,2.47,2.47,2.47,2.47,2.47,2.47,2.47
1980-05-10,1.83,1.83,1.83,1.83,1.83,1.83,1.83,1.83,1.83,1.83,1.79,1.79,1.79,1.79,1.79,1.79,1.79,1.79,1.79,1.79
1980-05-11,2.32,2.32,2.32,2.32,2.32,2.32,2.32,2.32,2.32,2.32,2.27,2.27,2.27,2.27,2.27,2.27,2.27,2.27,2.27,2.27
1980-05-12,4.32,4.32,4.32,4.32,4.32,4.32,4.32,4.32,4.32,4.32,4.22,4.22,4.22,4.22,4.22,4.22,4.22,4.22,4.22,4.22
1980-05-13,4.32,4.32,4.32,4.32,4.32,4.32,4.32,4.32,4.32,4.32,4.22,4.22,4.22,4.22,4.22,4.22,4.22,4.22,4.22,4.22
1980-05-14,8.52,8.52,8.52,8.52,8.52,8.52,8.52,8.52,8.52,8.52,8.47,8.47,8.47,8.47,8.47,8.47,8.47,8.47,8.47,8.47
1980-05-15,3.70,3.70,3.70,3.70,3.70,3.70,3.70,3.70,3.70,3.70,3.70,3.70,3.70,3.70,3.70,3.70,3.70,3.70,3.70,3.70
1980-05-16,2.35,2.35,2.35,2.35,2.35,2.35,2.35,2.35,2.35,2.35,2.35,2.35,2.35,2.35,2.35,2.35,2.35,2.35,2.35,2.35
1980-05-17,2.29,2.29,2.29,2.29,2.29,2.29,2.29,2.29,2.29,2.29,2.29,2.29,2.29,2.29,2.29,2.29,2.29,2.29,2.29,2.29
1980-05-18,0.58,0.58,0.58,0.58,0.58,0.58,0.58,0.58,0.58,0.58,0.58,0.58,0.58,0.58,0.58,0.58,0.58,0.58,0.58,0.58
1980-05-19,1.36,1.36,1.36,1.36,1.36,1.36,1.36,1.36,1.36,1.36,1.36,1.36,1.36,1.36,1.36,1.36,1.36,1.36,1.36,1.36
1980-05-20,1.55,1.55,1.55,1.55,1.55,1.55,1.55,1.55,1.55,1.55,1.55,1.55,1.55,1.55,1.55,1.55,1.55,1.55,1.55,1.55
1980-05-21,1.32,1.32,1.32,1.32,1.32,1.32,1.32,1.32,1.32,1.32,1.32,1.32,1.32,1.32,1.32,1.32,1.32,1.32,1.32,1.32
1980-05-22,3.26,3.26,3.26,3.26,3.26,3.26,3.26,3.26,3.26,3.25,3.16,3.16,3.16,3.16,3.16,3.16,3.16,3.16,3.16,3.16
1980-05-23,7.19,7.19,7.19,7.19,7.19,7.19,7.19,7.19,7.19,7.19,7.16,7.16,7.16,7.16,7.16,7.16,7.16,7.16,7.16,7.16
1980-05-24,16.81,16.81,16.81,16.81,16.81,16.81,16.81,16.81,16.81,16.81,16.76,16.76,16.76,16.76,16.76,16.76,16.76,16.76,16.76,16.76
1980-05-25,35.40,35.40,35.40,35.40,35.40,35.40,35.40,35.40,35.40,35.39,35.29,35.29,35.29,35.29,35.29,35.29,35.29,35.29,35.29,35.29
1980-05-26,6.77,6.77,6.77,6.77,6.77,6.77,6.77,6.77,6.77,6.77,6.75,6.75,6.75,6.75,6.75,6.75,6.75,6.75,6.75,6.75
1980-05-27,8.03,8.03,8.03,8.03,8.03,8.03,8.03,8.03,8.03,8.03,8.01,8.01,8.01,8.01,8.01,8.01,8.01,8.01,8.01,8.01
1980-05-28,3.25,3.25,3.25,3.25,3.25,3.25,3.25,3.25,3.25,3.25,3.24,3.24,3.24,3.24,3.24,3.24,3.24,3.24,3.24,3.24
1980-05-29,11.07,11.07,11.07,11.07,11.07,11.07,11.07,11.07,11.07,11.07,11.03,11.03,11.03,11.03,11.03,11.03,11.03,11.03,11.03,11.03
1980-05-30,22.13,22.13,22.13,22.13,22.13,22.13,22.13,22.13,22.13,22.12,22.05,22.05,22.05,22.05,22.05,22.05,22.05,22.05,22.05,22.05
1980-05-31,3.30,3.30,3.30,3.30,3.30,3.30,3.30,3.30,3.30,3.30,3.29,3.29,3.29,3.29,3.29,3.29,3.29,3.29,3.29,3.29
1980-06-01,65.08,65.08,65.08,65.08,65.08,65.08,65.08,65.08,65.08,65.06,64.86,64.86,64.86,64.86,64.86,64.86,64.86,64.86,64.86,64.86
1980-06-02,81.34,81.34,81.34,81.34,81.34,81.34,81.34,81.34,81.34,81.32,81.07,81.07,81.07,81.07,81.07,81.07,81.07,81.07,81.07,81.07
1980-06-03,81.34,81.34,81.34,81.34,81.34,81.34,81.34,81.34,81.34,81.32,81.07,81.07,81.07,81.07,81.07,81.07,81.07,81.07,81.07,81.07
1980-06-04,27.06,27.06,27.06,27.06,27.06,27.06,27.06,27.06,27.06,27.01,26.92,26.92,26.92,26.92,26.92,26.92,26.92,26.92,26.92,26.92
1980-06-05,2.65,2.65,2.65,2.65,2.65,2.65,2.65,2.65,2.65,2.65,2.64,2.64,2.64,2.64,2.64,2.64,2.64,2.64,2.64,2.64
1980-06-06,3.60,3.60,3.60,3.60,3.60,3.60,3.60,3.60,3.60,3.59,3.58,3.58,3.58,3.58,3.58,3.58,3.58,3.58,3.58,3.58
1980-06-07,61.62,61.62,61.62,61.62,61.62,61.62,61.62,61.62,61.62,61.43,61.24,61.24,61.24,61.24,61.24,61.24,61.24,61.24,61.24,61.24
1980-06-08,11.35,11.35,11.35,11.35,11.35,11.35,11.35,11.35,11.35,11.31,11.27,11.27,11.27,11.27,11.27,11.27,11.27,11.27,11.27,11.27
1980-06-09,0.18,0.18,0.18,0.18,0.18,0.18,0.18,0.18,0.18,0.18,0.18,0.18,0.18,0.18,0.18,0.18,0.18,0.18,0.18,0.18
1980-06-10,1.49,1.49,1.49,1.49,1.49,1.49,1.49,1.49,1.48,1.40,1.36,1.36,1.36,1.36,1.36,1.36,1.36,1.36,1.36,1.36
1980-06-11,3.86,3.86,3.86,3.86,3.86,3.86,3.86,3.86,3.84,3.65,3.54,3.54,3.54,3.54,3.54,3.54,3.54,3.54,3.54,3.54
1980-06-12,6.55,6.55,6.55,6.55,6.55,6.55,6.55,6.55,6.50,6.19,6.01,6.01,6.01,6.01,6.01,6.01,6.01,6.01,6.01,6.01
1980-06-13,1.17,1.17,1.17,1.17,1.17,1.17,1.17,1.17,1.16,1.10,1.07,1.07,1.07,1.07,1.07,1.07,1.07,1.07,1.07,1.07
1980-06-14,4.42,4.42,4.42,4.42,4.42,4.42,4.42,4.42,4.42,4.39,4.38,4.38,4.38,4.38,4.38,4.38,4.38,4.38,4.38,4.38
1980-06-15,3.31,3.31,3.31,3.31,3.31,3.31,3.31,3.31,3.31,3.29,3.28,3.28,3.28,3.28,3.28,3.28,3.28,3.28,3.28,3.28
1980-06-16,12.16,12.16,12.16,12.16,12.16,12.16,12.16,12.16,12.15,12.09,12.05,12.05,12.05,12.05,12.05,12.05,12.05,12.05,12.05,12.05
1980-06-17,2.88,2.88,2.88,2.88,2.88,2.88,2.88,2.88,2.88,2.87,2.86,2.86,2.86,2.86,2.86,2.86,2.86,2.86,2.86,2.86
1980-06-18,3.46,3.46,3.46,3.46,3.46,3.46,3.46,3.46,3.46,3.44,3.43,3.43,3.43,3.43,3.43,3.43,3.43,3.43,3.43,3.43
1980-06-19,12.90,12.90,12.90,12.90,12.90,12.90,12.90,12.90,12.89,12.82,12.78,12.78,12.78,12.78,12.78,12.78,12.78,12.78,12.78,12.78
1980-06-20,4.24,4.24,4.24,4.24,4.24,4.24,4.24,4.24,4.23,4.21,4.20,4.20,4.20,4.20,4.20,4.20,4.20,4.20,4.20,4.20
1980-06-21,20.86,20.86,20.86,20.86,20.86,20.86,20.86,20.86,20.84,20.73,20.67,20.67,20.67,20.67,20.67,20.67,20.67,20.67,20.67,20.67
1980-06-22,6.48,6.48,6.48,6.48,6.48,6.48,6.48,6.48,6.48,6.44,6.42,6.42,6.42,6.42,6.42,6.42,6.42,6.42,6.42,6.42
1980-06-23,3.57,3.57,3.57,3.57,3.57,3.57,3.57,3.57,3.57,3.55,3.54,3.54,3.54,3.54,3.54,3.54,3.54,3.54,3.54,3.54
1980-06-24,5.58,5.58,5.58,5.58,5.58,5.58,5.58,5.58,5.57,5.54,5.52,5.52,5.52,5.52,5.52,5.52,5.52,5.52,5.52,5.52
1980-06-25,4.15,4.15,4.15,4.15,4.15,4.15,4.15,4.15,4.14,4.12,4.11,4.11,4.11,4.11,4.11,4.11,4.11,4.11,4.11,4.11
1980-06-26,4.14,4.14,4.14,4.14,4.14,4.14,4.14,4.14,4.14,4.11,4.10,4.10,4.10,4.10,4.10,4.10,4.10,4.10,4.10,4.10
1980-06-27,2.16,2.16,2.16,2.16,2.16,2.16,2.16,2.16,2.16,2.15,2.14,2.14,2.14,2.14,2.14,2.14,2.14,2.14,2.14,2.14
1980-06-28,31.75,31.75,31.75,31.75,31.75,31.75,31.75,31.75,31.72,31.54,31.44,31.44,31.44,31.44,31.44,31.44,31.44,31.44,31.44,31.44
1980-06-29,12.81,12.81,12.81,12.81,12.81,12.81,12.81,12.81,12.80,12.72,12.68,12.68,12.68,12.68,12.68,12.68,12.68,12.68,12.68,12.68
1980-06-30,12.81,12.81,12.81,12.81,12.81,12.81,12.81,12.81,12.80,12.72,12.68,12.68,12.68,12.68,12.68,12.68,12.68,12.68,12.68,12.68
1980-07-01,62.83,62.83,62.83,62.83,62.83,62.83,62.83,62.82,62.37,61.66,61.49,61.49,61.49,61.49,61.49,61.49,61.49,61.49,61.49,61.49
1980-07-02,3.55,3.55,3.55,3.55,3.55,3.55,3.55,3.55,3.52,3.48,3.47,3.47,3.47,3.47,3.47,3.47,3.47,3.47,3.47,3.47
1980-07-03,6.17,6.17,6.17,6.17,6.17,6.17,6.17,6.17,6.12,6.05,6.03,6.03,6.03,6.03,6.03,6.03,6.03,6.03,6.03,6.03
1980-07-04,4.90,4.90,4.90,4.90,4.90,4.90,4.90,4.90,4.86,4.80,4.78,4.78,4.78,4.78,4.78,4.78,4.78,4.78,4.78,4.78
1980-07-05,1.95,1.95,1.95,1.95,1.95,1.95,1.95,1.95,1.93,1.91,1.90,1.90,1.90,1.90,1.90,1.90,1.90,1.90,1.90,1.90
1980-07-06,18.27,18.27,18.27,18.27,18.27,18.27,18.27,18.27,18.13,17.87,17.82,17.82,17.82,17.82,17.82,17.82,17.82,17.82,17.82,17.82
1980-07-07,11.63,11.63,11.63,11.63,11.63,11.63,11.63,11.63,11.54,11.37,11.34,11.34,11.34,11.34,11.34,11.34,11.34,11.34,11.34,11.34
1980-07-08,5.88,5.88,5.88,5.88,5.88,5.88,5.88,5.88,5.83,5.74,5.73,5.73,5.73,5.73,5.73,5.73,5.73,5.73,5.73,5.73
1980-07-09,5.83,5.83,5.83,5.83,5.83,5.83,5.83,5.83,5.79,5.70,5.68,5.68,5.68,5.68,5.68,5.68,5.68,5.68,5.68,5.68
1980-07-10,11.20,11.20,11.20,11.20,11.20,11.20,11.20,11.20,11.11,10.94,10.91,10.91,10.91,10.91,10.91,10.91,10.91,10.91,10.91,10.91
1980-07-11,8.59,8.59,8.59,8.59,8.59,8.59,8.59,8.59,8.53,8.40,8.37,8.37,8.37,8.37,8.37,8.37,8.37,8.37,8.37,8.37
1980-07-12,18.24,18.24,18.24,18.24,18.24,18.24,18.24,18.24,18.09,17.81,17.76,17.76,17.76,17.76,17.76,17.76,17.76,17.76,17.76,17.76
1980-07-13,6.25,6.25,6.25,6.25,6.25,6.25,6.25,6.25,6.20,6.10,6.08,6.08,6.08,6.08,6.08,6.08,6.08,6.08,6.08,6.08
1980-07-14,4.07,4.07,4.07,4.07,4.07,4.07,4.07,4.07,4.03,3.97,3.96,3.96,3.96,3.96,3.96,3.96,3.96,3.96,3.96,3.96
1980-07-15,5.35,5.35,5.35,5.35,5.35,5.35,5.35,5.35,5.30,5.22,5.20,5.20,5.20,5.20,5.20,5.20,5.20,5.20,5.20,5.20
1980-07-16,13.63,13.63,13.63,13.63,13.63,13.63,13.63,13.63,13.51,13.29,13.25,13.25,13.25,13.25,13.25,13.25,13.25,13.25,13.25,13.25
1980-07-17,3.00,3.00,3.00,3.00,3.00,3.00,3.00,3.00,2.98,2.93,2.92,2.92,2.92,2.92,2.92,2.92,2.92,2.92,2.92,2.92
1980-07-18,12.85,12.85,12.85,12.85,12.85,12.85,12.85,12.85,12.74,12.53,12.48,12.48,12.48,12.48,12.48,12.48,12.48,12.48,12.48,12.48
1980-07-19,39.37,39.37,39.37,39.37,39.37,39.37,39.37,39.37,39.02,38.37,38.24,38.24,38.24,38.24,38.24,38.24,38.24,38.24,38.24,38.24
1980-07-20,8.99,8.99,8.99,8.99,8.99,8.99,8.99,8.99,8.91,8.76,8.73,8.73,8.73,8.73,8.73,8.73,8.73,8.73,8.73,8.73
1980-07-21,5.27,5.27,5.27,5.27,5.27,5.27,5.27,5.27,5.22,5.13,5.11,5.11,5.11,5.11,5.11,5.11,5.11,5.11,5.11,5.11
1980-07-22,7.21,7.21,7.21,7.21,7.21,7.21,7.21,7.20,7.14,7.01,6.99,6.99,6.99,6.99,6.99,6.99,6.99,6.99,6.99,6.99
1980-07-23,7.21,7.21,7.21,7.21,7.21,7.21,7.21,7.20,7.14,7.01,6.99,6.99,6.99,6.99,6.99,6.99,6.99,6.99,6.99,6.99
1980-07-24,6.19,6.19,6.19,6.19,6.19,6.19,6.19,6.18,6.09,5.98,5.96,5.96,5.96,5.96,5.96,5.96,5.96,5.96,5.96,5.96
1980-07-25,2.91,2.91,2.91,2.91,2.91,2.91,2.91,2.91,2.86,2.81,2.80,2.80,2.80,2.80,2.80,2.80,2.80,2.80,2.80,2.80
1980-07-26,3.44,3.44,3.44,3.44,3.44,3.44,3.44,3.44,3.39,3.33,3.32,3.32,3.32,3.32,3.32,3.32,3.32,3.32,3.32,3.32
1980-07-27,3.70,3.70,3.70,3.70,3.70,3.70,3.70,3.70,3.64,3.58,3.56,3.56,3.56,3.56,3.56,3.56,3.56,3.56,3.56,3.56
1980-07-28,4.06,4.06,4.06,4.06,4.06,4.06,4.06,4.06,3.99,3.92,3.91,3.91,3.91,3.91,3.91,3.91,3.91,3.91,3.91,3.91
1980-07-29,5.47,5.47,5.47,5.47,5.47,5.47,5.47,5.47,5.38,5.29,5.27,5.27,5.27,5.27,5.27,5.27,5.27,5.27,5.27,5.27
1980-07-30,19.30,19.30,19.30,19.30,19.30,19.30,19.30,19.29,18.94,18.52,18.47,18.47,18.47,18.47,18.47,18.47,18.47,18.47,18.47,18.47
1980-07-31,6.83,6.83,6.83,6.83,6.83,6.83,6.83,6.83,6.71,6.56,6.54,6.54,6.54,6.54,6.54,6.54,6.54,6.54,6.54,6.54
1980-08-01,8.36,8.36,8.36,8.36,8.36,8.36,8.36,8.36,8.20,8.01,7.99,7.99,7.99,7.99,7.99,7.99,7.99,7.99,7.99,7.99
1980-08-02,6.69,6.69,6.69,6.69,6.69,6.69,6.69,6.68,6.56,6.41,6.39,6.39,6.39,6.39,6.39,6.39,6.39,6.39,6.39,6.39
1980-08-03,10.75,10.75,10.75,10.75,10.75,10.75,10.75,10.74,10.55,10.29,10.26,10.26,10.26,10.26,10.26,10.26,10.26,10.26,10.26,10.26
1980-08-04,2.02,2.02,2.02,2.02,2.02,2.02,2.02,2.02,1.98,1.93,1.92,1.92,1.92,1.92,1.92,1.92,1.92,1.92,1.92,1.92
1980-08-05,4.48,4.48,4.48,4.48,4.48,4.48,4.48,4.48,4.40,4.29,4.27,4.27,4.27,4.27,4.27,4.27,4.27,4.27,4.27,4.27
1980-08-06,12.83,12.83,12.83,12.83,12.83,12.83,12.83,12.83,12.59,12.26,12.22,12.22,12.22,12.22,12.22,12.22,12.22,12.22,12.22,12.22
1980-08-07,3.79,3.79,3.79,3.79,3.79,3.79,3.79,3.79,3.72,3.62,3.61,3.61,3.61,3.61,3.61,3.61,3.61,3.61,3.61,3.61
1980-08-08,7.76,7.76,7.76,7.76,7.76,7.76,7.76,7.76,7.60,7.40,7.38,7.38,7.38,7.38,7.38,7.38,7.38,7.38,7.38,7.38
1980-08-09,16.95,16.95,16.95,16.95,16.95,16.95,16.95,16.95,16.61,16.16,16.11,16.11,16.11,16.11,16.11,16.11,16.11,16.11,16.11,16.11
1980-08-10,47.08,47.08,47.08,47.08,47.08,47.08,47.08,47.08,46.12,44.86,44.71,44.71,44.71,44.71,44.71,44.71,44.71,44.71,44.71,44.71
1980-08-11,70.63,70.63,70.63,70.63,70.63,70.63,70.63,70.61,69.18,67.29,67.06,67.06,67.06,67.06,67.06,67.06,67.06,67.06,67.06,67.06
1980-08-12,21.68,21.68,21.68,21.68,21.68,21.68,21.68,21.68,21.22,20.64,20.57,20.57,20.57,20.57,20.57,20.57,20.57,20.57,20.57,20.57
1980-08-13,6.30,6.30,6.30,6.30,6.30,6.30,6.30,6.30,6.16,5.99,5.97,5.97,5.97,5.97,5.97,5.97,5.97,5.97,5.97,5.97
1980-08-14,6.76,6.76,6.76,6.76,6.76,6.76,6.76,6.76,6.62,6.43,6.40,6.40,6.40,6.40,6.40,6.40,6.40,6.40,6.40,6.40
1980-08-15,1.69,1.69,1.69,1.69,1.69,1.69,1.69,1.69,1.65,1.60,1.60,1.60,1.60,1.60,1.60,1.60,1.60,1.60,1.60,1.60
1980-08-16,7.07,7.07,7.07,7.07,7.07,7.07,7.07,7.07,6.91,6.71,6.69,6.69,6.69,6.69,6.69,6.69,6.69,6.69,6.69,6.69
1980-08-17,8.24,8.24,8.24,8.24,8.24,8.24,8.24,8.24,8.05,7.82,7.79,7.79,7.79,7.79,7.79,7.79,7.79,7.79,7.79,7.79
1980-08-18,3.97,3.97,3.97,3.97,3.97,3.97,3.97,3.97,3.88,3.76,3.75,3.75,3.75,3.75,3.75,3.75,3.75,3.75,3.75,3.75
1980-08-19,2.36,2.36,2.36,2.36,2.36,2.36,2.36,2.36,2.30,2.23,2.22,2.22,2.22,2.22,2.22,2.22,2.22,2.22,2.22,2.22
1980-08-20,3.57,3.57,3.57,3.57,3.57,3.57,3.57,3.56,3.48,3.37,3.36,3.36,3.36,3.36,3.36,3.36,3.36,3.36,3.36,3.36
1980-08-21,4.60,4.60,4.60,4.60,4.60,4.60,4.60,4.60,4.49,4.35,4.33,4.33,4.33,4.33,4.33,4.33,4.33,4.33,4.33,4.33
1980-08-22,2.64,2.64,2.64,2.64,2.64,2.64,2.64,2.64,2.58,2.50,2.49,2.49,2.49,2.49,2.49,2.49,2.49,2.49,2.49,2.49
1980-08-23,3.10,3.10,3.10,3.10,3.10,3.10,3.10,3.10,3.03,2.93,2.92,2.92,2.92,2.92,2.92,2.92,2.92,2.92,2.92,2.92
1980-08-24,2.19,2.19,2.19,2.19,2.19,2.19,2.19,2.19,2.14,2.07,2.06,2.06,2.06,2.06,2.06,2.06,2.06,2.06,2.06,2.06
1980-08-25,0.88,0.88,0.88,0.88,0.88,0.88,0.88,0.88,0.86,0.83,0.83,0.83,0.83,0.83,0.83,0.83,0.83,0.83,0.83,0.83
1980-08-26,8.50,8.50,8.50,8.50,8.50,8.50,8.50,8.50,8.29,8.01,7.98,7.98,7.98,7.98,7.98,7.98,7.98,7.98,7.98,7.98
1980-08-27,16.35,16.35,16.35,16.35,16.35,16.35,16.35,16.35,15.93,15.40,15.33,15.33,15.33,15.33,15.33,15.33,15.33,15.33,15.33,15.33
1980-08-28,2.36,2.36,2.36,2.36,2.36,2.36,2.36,2.36,2.30,2.22,2.21,2.21,2.21,2.21,2.21,2.21,2.21,2.21,2.21,2.21
1980-08-29,3.78,3.78,3.78,3.78,3.78,3.78,3.78,3.78,3.68,3.55,3.53,3.53,3.53,3.53,3.53,3.53,3.53,3.53,3.53,3.53
1980-08-30,2.31,2.31,2.31,2.31,2.31,2.31,2.31,2.31,2.24,2.17,2.16,2.16,2.16,2.16,2.16,2.16,2.16,2.16,2.16,2.16
1980-08-31,2.94,2.94,2.94,2.94,2.94,2.94,2.94,2.94,2.86,2.76,2.75,2.75,2.75,2.75,2.75,2.75,2.75,2.75,2.75,2.75
1980-09-01,3.49,3.49,3.49,3.49,3.49,3.49,3.49,3.49,3.39,3.27,3.25,3.25,3.25,3.25,3.25,3.25,3.25,3.25,3.25,3.25
1980-09-02,3.21,3.21,3.21,3.21,3.21,3.21,3.21,3.21,3.12,3.00,2.99,2.99,2.99,2.99,2.99,2.99,2.99,2.99,2.99,2.99
1980-09-03,2.68,2.68,2.68,2.68,2.68,2.68,2.68,2.68,2.60,2.50,2.49,2.49,2.49,2.49,2.49,2.49,2.49,2.49,2.49,2.49
1980-09-04,3.26,3.26,3.26,3.26,3.26,3.26,3.26,3.26,3.16,3.04,3.02,3.02,3.02,3.02,3.02,3.02,3.02,3.02,3.02,3.02
1980-09-05,1.66,1.66,1.66,1.66,1.66,1.66,1.66,1.66,1.61,1.54,1.54,1.54,1.54,1.54,1.54,1.54,1.54,1.54,1.54,1.54
1980-09-06,7.79,7.79,7.79,7.79,7.79,7.79,7.79,7.79,7.55,7.25,7.21,7.21,7.21,7.21,7.21,7.21,7.21,7.21,7.21,7.21
1980-09-07,2.75,2.75,2.75,2.75,2.75,2.75,2.75,2.75,2.66,2.55,2.54,2.54,2.54,2.54,2.54,2.54,2.54,2.54,2.54,2.54
1980-09-08,1.39,1.39,1.39,1.39,1.39,1.39,1.39,1.39,1.35,1.29,1.28,1.28,1.28,1.28,1.28,1.28,1.28,1.28,1.28,1.28
1980-09-09,1.09,1.09,1.09,1.09,1.09,1.09,1.09,1.09,1.05,1.01,1.00,1.00,1.00,1.00,1.00,1.00,1.00,1.00,1.00,1.00
1980-09-10,1.30,1.30,1.30,1.30,1.30,1.30,1.30,1.29,1.25,1.20,1.19,1.19,1.19,1.19,1.19,1.19,1.19,1.19,1.19,1.19
1980-09-11,1.17,1.17,1.17,1.17,1.17,1.17,1.17,1.17,1.13,1.08,1.08,1.08,1.08,1.08,1.08,1.08,1.08,1.08,1.08,1.08
1980-09-12,0.94,0.94,0.94,0.94,0.94,0.94,0.94,0.94,0.91,0.87,0.86,0.86,0.86,0.86,0.86,0.86,0.86,0.86,0.86,0.86
1980-09-13,1.38,1.38,1.38,1.38,1.38,1.38,1.38,1.38,1.33,1.27,1.26,1.26,1.26,1.26,1.26,1.26,1.26,1.26,1.26,1.26
1980-09-14,0.13,0.13,0.13,0.13,0.13,0.13,0.13,0.13,0.13,0.12,0.12,0.12,0.12,0.12,0.12,0.12,0.12,0.12,0.12,0.12
1980-09-15,1.66,1.66,1.66,1.66,1.66,1.66,1.66,1.66,1.60,1.53,1.52,1.52,1.52,1.52,1.52,1.52,1.52,1.52,1.52,1.52
1980-09-16,1.57,1.57,1.57,1.57,1.57,1.57,1.57,1.57,1.51,1.44,1.44,1.44,1.44,1.44,1.44,1.44,1.44,1.44,1.44,1.44
1980-09-17,2.67,2.67,2.67,2.67,2.67,2.67,2.67,2.67,2.57,2.45,2.44,2.44,2.44,2.44,2.44,2.44,2.44,2.44,2.44,2.44
1980-09-18,2.67,2.67,2.67,2.67,2.67,2.67,2.67,2.67,2.57,2.45,2.44,2.44,2.44,2.44,2.44,2.44,2.44,2.44,2.44,2.44
1980-09-19,1.18,1.18,1.18,1.18,1.18,1.18,1.18,1.16,1.12,1.08,1.08,1.08,1.08,1.08,1.08,1.08,1.08,1.08,1.08,1.08
1980-09-20,3.11,3.11,3.11,3.11,3.11,3.11,3.11,3.06,2.97,2.86,2.85,2.85,2.85,2.85,2.85,2.85,2.85,2.85,2.85,2.85
1980-09-21,1.52,1.52,1.52,1.52,1.52,1.52,1.52,1.50,1.45,1.40,1.39,1.39,1.39,1.39,1.39,1.39,1.39,1.39,1.39,1.39
1980-09-22,11.65,11.65,11.65,11.65,11.65,11.65,11.65,11.47,11.10,10.70,10.67,10.67,10.67,10.67,10.67,10.67,10.67,10.67,10.67,10.67
1980-09-23,17.42,17.42,17.42,17.42,17.42,17.42,17.42,17.15,16.59,15.99,15.95,15.95,15.95,15.95,15.95,15.95,15.95,15.95,15.95,15.95
1980-09-24,6.92,6.92,6.92,6.92,6.92,6.92,6.92,6.81,6.58,6.34,6.32,6.32,6.32,6.32,6.32,6.32,6.32,6.32,6.32,6.32
1980-09-25,6.10,6.10,6.10,6.10,6.10,6.10,6.10,6.00,5.80,5.59,5.57,5.57,5.57,5.57,5.57,5.57,5.57,5.57,5.57,5.57
1980-09-26,6.10,6.10,6.10,6.10,6.10,6.10,6.10,6.00,5.80,5.59,5.57,5.57,5.57,5.57,5.57,5.57,5.57,5.57,5.57,5.57
1980-09-27,0.52,0.52,0.52,0.52,0.52,0.52,0.52,0.51,0.49,0.47,0.47,0.47,0.47,0.47,0.47,0.47,0.47,0.47,0.47,0.47
1980-09-28,0.03,0.03,0.03,0.03,0.03,0.03,0.03,0.02,0.02,0.01,0.01,0.01,0.01,0.01,0.01,0.01,0.01,0.01,0.01,0.01
1980-09-29,0.01,0.01,0.01,0.01,0.01,0.01,0.01,0.01,0.01,0.01,0.01,0.01,0.01,0.01,0.01,0.01,0.01,0.01,0.01,0.01
1980-09-30,0.14,0.14,0.14,0.14,0.14,0.14,0.14,0.12,0.09,0.06,0.06,0.06,0.06,0.06,0.06,0.06,0.06,0.06,0.06,0.06
1980-10-01,1.40,1.40,1.40,1.40,1.40,1.40,1.40,1.38,1.34,1.28,1.28,1.28,1.28,1.28,1.28,1.28,1.28,1.28,1.28,1.28
1980-10-02,0.28,0.28,0.28,0.28,0.28,0.28,0.28,0.28,0.27,0.26,0.26,0.26,0.26,0.26,0.26,0.26,0.26,0.26,0.26,0.26
1980-10-03,0.28,0.28,0.28,0.28,0.28,0.28,0.28,0.28,0.27,0.26,0.26,0.26,0.26,0.26,0.26,0.26,0.26,0.26,0.26,0.26
1980-10-04,0.11,0.11,0.11,0.11,0.11,0.11,0.11,0.11,0.10,0.08,0.08,0.08,0.08,0.08,0.08,0.08,0.08,0.08,0.08,0.08
1980-10-05,0.04,0.04,0.04,0.04,0.04,0.04,0.04,0.04,0.03,0.02,0.02,0.02,0.02,0.02,0.02,0.02,0.02,0.02,0.02,0.02
1980-10-06,0.30,0.30,0.30,0.30,0.30,0.30,0.30,0.27,0.22,0.14,0.13,0.13,0.13,0.13,0.13,0.13,0.13,0.13,0.13,0.13
1980-10-07,0.03,0.03,0.03,0.03,0.03,0.03,0.03,0.03,0.02,0.01,0.01,0.01,0.01,0.01,0.01,0.01,0.01,0.01,0.01,0.01
1980-10-08,0.03,0.03,0.03,0.03,0.03,0.03,0.03,0.02,0.02,0.01,0.01,0.01,0.01,0.01,0.01,0.01,0.01,0.01,0.01,0.01
1980-10-09,0.04,0.04,0.04,0.04,0.04,0.04,0.04,0.04,0.03,0.02,0.02,0.02,0.02,0.02,0.02,0.02,0.02,0.02,0.02,0.02
1980-10-10,0.05,0.05,0.05,0.05,0.05,0.05,0.05,0.05,0.04,0.02,0.02,0.02,0.02,0.02,0.02,0.02,0.02,0.02,0.02,0.02
1980-10-11,0.03,0.03,0.03,0.03,0.03,0.03,0.03,0.03,0.02,0.01,0.01,0.01,0.01,0.01,0.01,0.01,0.01,0.01,0.01,0.01
1980-10-12,0.05,0.05,0.05,0.05,0.05,0.05,0.05,0.04,0.03,0.02,0.02,0.02,0.02,0.02,0.02,0.02,0.02,0.02,0.02,0.02
1980-10-13,0.03,0.03,0.03,0.03,0.03,0.03,0.03,0.02,0.02,0.01,0.01,0.01,0.01,0.01,0.01,0.01,0.01,0.01,0.01,0.01
1980-10-14,0.05,0.05,0.05,0.05,0.05,0.05,0.05,0.05,0.04,0.02,0.02,0.02,0.02,0.02,0.02,0.02,0.02,0.02,0.02,0.02
1980-10-15,0.04,0.04,0.04,0.04,0.04,0.04,0.04,0.04,0.03,0.02,0.02,0.02,0.02,0.02,0.02,0.02,0.02,0.02,0.02,0.02
1980-10-16,0.03,0.03,0.03,0.03,0.03,0.03,0.03,0.03,0.02,0.01,0.01,0.01,0.01,0.01,0.01,0.01,0.01,0.01,0.01,0.01
1980-10-17,0.16,0.16,0.16,0.16,0.16,0.16,0.16,0.14,0.11,0.07,0.07,0.07,0.07,0.07,0.07,0.07,0.07,0.07,0.07,0.07
1980-10-18,0.75,0.75,0.75,0.75,0.75,0.75,0.75,0.68,0.55,0.35,0.32,0.32,0.32,0.32,0.32,0.32,0.32,0.32,0.32,0.32
1980-10-19,1.79,1.79,1.79,1.79,1.79,1.79,1.79,1.77,1.74,1.66,1.64,1.64,1.64,1.64,1.64,1.64,1.64,1.64,1.64,1.64
1980-10-20,0.04,0.04,0.04,0.04,0.04,0.04,0.04,0.04,0.03,0.02,0.02,0.02,0.02,0.02,0.02,0.02,0.02,0.02,0.02,0.02
1980-10-21,0.16,0.16,0.16,0.16,0.16,0.16,0.16,0.14,0.12,0.07,0.07,0.07,0.07,0.07,0.07,0.07,0.07,0.07,0.07,0.07
1980-10-22,0.04,0.04,0.04,0.04,0.04,0.04,0.04,0.04,0.03,0.02,0.02,0.02,0.02,0.02,0.02,0.02,0.02,0.02,0.02,0.02
1980-10-23,0.03,0.03,0.03,0.03,0.03,0.03,0.03,0.03,0.02,0.01,0.01,0.01,0.01,0.01,0.01,0.01,0.01,0.01,0.01,0.01
1980-10-24,0.09,0.09,0.09,0.09,0.09,0.09,0.09,0.08,0.07,0.04,0.04,0.04,0.04,0.04,0.04,0.04,0.04,0.04,0.04,0.04
1980-10-25,0.03,0.03,0.03,0.03,0.03,0.03,0.03,0.03,0.02,0.01,0.01,0.01,0.01,0.01,0.01,0.01,0.01,0.01,0.01,0.01
1980-10-26,1.39,1.39,1.39,1.39,1.39,1.39,1.39,1.31,1.11,0.77,0.65,0.60,0.60,0.60,0.60,0.60,0.60,0.60,0.60,0.60
1980-10-27,0.26,0.26,0.26,0.26,0.26,0.26,0.26,0.25,0.21,0.15,0.12,0.11,0.11,0.11,0.11,0.11,0.11,0.11,0.11,0.11
1980-10-28,0.22,0.22,0.22,0.22,0.22,0.22,0.22,0.21,0.18,0.12,0.10,0.09,0.09,0.09,0.09,0.09,0.09,0.09,0.09,0.09
1980-10-29,0.71,0.71,0.71,0.71,0.71,0.71,0.71,0.66,0.57,0.39,0.33,0.30,0.30,0.30,0.30,0.30,0.30,0.30,0.30,0.30
1980-10-30,0.23,0.23,0.23,0.23,0.23,0.23,0.23,0.22,0.18,0.13,0.11,0.10,0.10,0.10,0.10,0.10,0.10,0.10,0.10,0.10
1980-10-31,0.17,0.17,0.17,0.17,0.17,0.17,0.17,0.16,0.14,0.10,0.08,0.07,0.07,0.07,0.07,0.07,0.07,0.07,0.07,0.07
1980-11-01,0.28,0.28,0.28,0.28,0.28,0.28,0.28,0.26,0.22,0.16,0.13,0.12,0.12,0.12,0.12,0.12,0.12,0.12,0.12,0.12
1980-11-02,0.39,0.39,0.39,0.39,0.39,0.39,0.39,0.37,0.31,0.22,0.18,0.17,0.17,0.17,0.17,0.17,0.17,0.17,0.17,0.17
1980-11-03,0.16,0.16,0.16,0.16,0.16,0.16,0.16,0.15,0.13,0.09,0.08,0.07,0.07,0.07,0.07,0.07,0.07,0.07,0.07,0.07
1980-11-04,0.01,0.01,0.01,0.01,0.01,0.01,0.01,0.01,0.01,0.01,0.01,0.00,0.00,0.00,0.00,0.00,0.00,0.00,0.00,0.00
1980-11-05,0.56,0.56,0.56,0.56,0.56,0.56,0.56,0.53,0.46,0.32,0.27,0.24,0.24,0.24,0.24,0.24,0.24,0.24,0.24,0.24
1980-11-06,0.41,0.41,0.41,0.41,0.41,0.41,0.41,0.39,0.33,0.23,0.20,0.18,0.18,0.18,0.18,0.18,0.18,0.18,0.18,0.18
1980-11-07,0.16,0.16,0.16,0.16,0.16,0.16,0.16,0.15,0.13,0.09,0.08,0.07,0.07,0.07,0.07,0.07,0.07,0.07,0.07,0.07
1980-11-08,0.36,0.36,0.36,0.36,0.36,0.36,0.36,0.34,0.30,0.21,0.17,0.16,0.16,0.16,0.16,0.16,0.16,0.16,0.16,0.16
1980-11-09,0.03,0.03,0.03,0.03,0.03,0.03,0.03,0.03,0.03,0.02,0.02,0.01,0.01,0.01,0.01,0.01,0.01,0.01,0.01,0.01
1980-11-10,0.03,0.03,0.03,0.03,0.03,0.03,0.03,0.03,0.03,0.02,0.02,0.01,0.01,0.01,0.01,0.01,0.01,0.01,0.01,0.01
1980-11-11,0.55,0.55,0.55,0.55,0.55,0.55,0.55,0.53,0.46,0.31,0.27,0.25,0.25,0.25,0.25,0.25,0.25,0.25,0.25,0.25
1980-11-12,0.69,0.69,0.69,0.69,0.69,0.69,0.69,0.66,0.57,0.39,0.33,0.31,0.31,0.31,0.31,0.31,0.31,0.31,0.31,0.31
1980-11-13,0.28,0.28,0.28,0.28,0.28,0.28,0.28,0.27,0.24,0.16,0.14,0.13,0.13,0.13,0.13,0.13,0.13,0.13,0.13,0.13
1980-11-14,0.92,0.92,0.92,0.92,0.92,0.92,0.92,0.87,0.76,0.52,0.45,0.41,0.41,0.41,0.41,0.41,0.41,0.41,0.41,0.41
1980-11-15,1.14,1.14,1.14,1.14,1.14,1.14,1.14,1.08,0.95,0.65,0.55,0.51,0.51,0.51,0.51,0.51,0.51,0.51,0.51,0.51
1980-11-16,0.49,0.49,0.49,0.49,0.49,0.49,0.49,0.46,0.41,0.28,0.24,0.22,0.22,0.22,0.22,0.22,0.22,0.22,0.22,0.22
1980-11-17,0.51,0.51,0.51,0.51,0.51,0.51,0.51,0.48,0.42,0.29,0.25,0.23,0.23,0.23,0.23,0.23,0.23,0.23,0.23,0.23
1980-11-18,0.15,0.15,0.15,0.15,0.15,0.15,0.15,0.14,0.12,0.08,0.07,0.07,0.07,0.07,0.07,0.07,0.07,0.07,0.07,0.07
1980-11-19,0.02,0.02,0.02,0.02,0.02,0.02,0.02,0.02,0.02,0.01,0.01,0.01,0.01,0.01,0.01,0.01,0.01,0.01,0.01,0.01
1980-11-20,0.15,0.15,0.15,0.15,0.15,0.15,0.15,0.14,0.13,0.09,0.07,0.07,0.07,0.07,0.07,0.07,0.07,0.07,0.07,0.07
1980-11-21,0.27,0.27,0.27,0.27,0.27,0.27,0.27,0.26,0.22,0.15,0.13,0.12,0.12,0.12,0.12,0.12,0.12,0.12,0.12,0.12
1980-11-22,0.37,0.37,0.37,0.37,0.37,0.37,0.37,0.35,0.31,0.21,0.18,0.17,0.17,0.17,0.17,0.17,0.17,0.17,0.17,0.17
1980-11-23,0.37,0.37,0.37,0.37,0.37,0.37,0.37,0.35,0.31,0.21,0.18,0.17,0.17,0.17,0.17,0.17,0.17,0.17,0.17,0.17
1980-11-24,0.37,0.37,0.37,0.37,0.37,0.37,0.37,0.35,0.31,0.21,0.18,0.17,0.17,0.17,0.17,0.17,0.17,0.17,0.17,0.17
1980-11-25,0.37,0.37,0.37,0.37,0.37,0.37,0.37,0.35,0.31,0.21,0.18,0.17,0.17,0.17,0.17,0.17,0.17,0.17,0.17,0.17
1980-11-26,0.37,0.37,0.37,0.37,0.37,0.37,0.37,0.35,0.31,0.21,0.18,0.17,0.17,0.17,0.17,0.17,0.17,0.17,0.17,0.17
1980-11-27,0.37,0.37,0.37,0.37,0.37,0.37,0.37,0.35,0.31,0.21,0.18,0.17,0.17,0.17,0.17,0.17,0.17,0.17,0.17,0.17
1980-11-28,0.37,0.37,0.37,0.37,0.37,0.37,0.37,0.35,0.31,0.21,0.18,0.17,0.17,0.17,0.17,0.17,0.17,0.17,0.17,0.17
1980-11-29,0.37,0.37,0.37,0.37,0.37,0.37,0.37,0.35,0.31,0.21,0.18,0.17,0.17,0.17,0.17,0.17,0.17,0.17,0.17,0.17
1980-11-30,0.37,0.37,0.37,0.37,0.37,0.37,0.37,0.35,0.31,0.21,0.18,0.17,0.17,0.17,0.17,0.17,0.17,0.17,0.17,0.17
1980-12-01,0.37,0.37,0.37,0.37,0.37,0.37,0.37,0.35,0.31,0.21,0.18,0.17,0.17,0.17,0.17,0.17,0.17,0.17,0.17,0.17
1980-12-02,0.37,0.37,0.37,0.37,0.37,0.37,0.37,0.35,0.31,0.21,0.18,0.17,0.17,0.17,0.17,0.17,0.17,0.17,0.17,0.17
1980-12-03,0.37,0.37,0.37,0.37,0.37,0.37,0.37,0.35,0.31,0.21,0.18,0.17,0.17,0.17,0.17,0.17,0.17,0.17,0.17,0.17
1980-12-04,4.48,4.48,4.48,4.48,4.48,4.48,4.48,4.48,4.46,3.44,2.71,2.55,2.55,2.55,2.55,2.55,2.55,2.55,2.55,2.55
1980-12-05,1.98,1.98,1.98,1.98,1.98,1.98,1.98,1.98,1.98,1.53,1.21,1.14,1.14,1.14,1.14,1.14,1.14,1.14,1.14,1.14
1980-12-06,6.72,6.72,6.72,6.72,6.72,6.72,6.72,6.72,6.72,5.22,4.11,3.87,3.87,3.87,3.87,3.87,3.87,3.87,3.87,3.87
1980-12-07,8.03,8.03,8.03,8.03,8.03,8.03,8.03,8.03,8.03,6.24,4.91,4.63,4.63,4.63,4.63,4.63,4.63,4.63,4.63,4.63
1980-12-08,8.03,8.03,8.03,8.03,8.03,8.03,8.03,8.03,8.03,6.24,4.91,4.63,4.63,4.63,4.63,4.63,4.63,4.63,4.63,4.63
1980-12-09,8.03,8.03,8.03,8.03,8.03,8.03,8.03,8.03,8.03,6.24,4.91,4.63,4.63,4.63,4.63,4.63,4.63,4.63,4.63,4.63
1980-12-10,8.03,8.03,8.03,8.03,8.03,8.03,8.03,8.03,8.03,6.24,4.91,4.63,4.63,4.63,4.63,4.63,4.63,4.63,4.63,4.63
1980-12-11,1.69,1.69,1.69,1.69,1.69,1.69,1.69,1.69,1.69,1.31,1.03,0.97,0.97,0.97,0.97,0.97,0.97,0.97,0.97,0.97
1980-12-12,0.61,0.61,0.61,0.61,0.61,0.61,0.61,0.61,0.61,0.50,0.40,0.37,0.37,0.37,0.37,0.37,0.37,0.37,0.37,0.37
1980-12-13,0.40,0.40,0.40,0.40,0.40,0.40,0.40,0.40,0.40,0.33,0.26,0.25,0.25,0.25,0.25,0.25,0.25,0.25,0.25,0.25
1980-12-14,0.20,0.20,0.20,0.20,0.20,0.20,0.20,0.20,0.20,0.17,0.13,0.13,0.13,0.13,0.13,0.13,0.13,0.13,0.13,0.13
1980-12-15,0.47,0.47,0.47,0.47,0.47,0.47,0.47,0.47,0.47,0.38,0.31,0.29,0.29,0.29,0.29,0.29,0.29,0.29,0.29,0.29
1980-12-16,0.28,0.28,0.28,0.28,0.28,0.28,0.28,0.28,0.28,0.24,0.19,0.18,0.18,0.18,0.18,0.18,0.18,0.18,0.18,0.18
1980-12-17,0.50,0.50,0.50,0.50,0.50,0.50,0.50,0.50,0.50,0.42,0.33,0.31,0.31,0.31,0.31,0.31,0.31,0.31,0.31,0.31
1980-12-18,0.66,0.66,0.66,0.66,0.66,0.66,0.66,0.66,0.66,0.55,0.43,0.41,0.41,0.41,0.41,0.41,0.41,0.41,0.41,0.41
1980-12-19,0.41,0.41,0.41,0.41,0.41,0.41,0.41,0.41,0.41,0.34,0.27,0.26,0.26,0.26,0.26,0.26,0.26,0.26,0.26,0.26
1980-12-20,0.57,0.57,0.57,0.57,0.57,0.57,0.57,0.57,0.57,0.47,0.38,0.36,0.36,0.36,0.36,0.36,0.36,0.36,0.36,0.36
1980-12-21,0.63,0.63,0.63,0.63,0.63,0.63,0.63,0.63,0.63,0.52,0.42,0.39,0.39,0.39,0.39,0.39,0.39,0.39,0.39,0.39
1980-12-22,0.76,0.76,0.76,0.76,0.76,0.76,0.76,0.76,0.76,0.63,0.50,0.47,0.47,0.47,0.47,0.47,0.47,0.47,0.47,0.47
1980-12-23,1.41,1.41,1.41,1.41,1.41,1.41,1.41,1.41,1.41,1.17,0.94,0.89,0.89,0.89,0.89,0.89,0.89,0.89,0.89,0.89
1980-12-24,0.44,0.44,0.44,0.44,0.44,0.44,0.44,0.44,0.44,0.37,0.29,0.28,0.28,0.28,0.28,0.28,0.28,0.28,0.28,0.28
1980-12-25,0.25,0.25,0.25,0.25,0.25,0.25,0.25,0.25,0.25,0.21,0.17,0.16,0.16,0.16,0.16,0.16,0.16,0.16,0.16,0.16
1980-12-26,0.30,0.30,0.30,0.30,0.30,0.30,0.30,0.30,0.30,0.25,0.20,0.19,0.19,0.19,0.19,0.19,0.19,0.19,0.19,0.19
1980-12-27,0.24,0.24,0.24,0.24,0.24,0.24,0.24,0.24,0.24,0.20,0.16,0.15,0.15,0.15,0.15,0.15,0.15,0.15,0.15,0.15
1980-12-28,0.22,0.22,0.22,0.22,0.22,0.22,0.22,0.22,0.22,0.19,0.15,0.14,0.14,0.14,0.14,0.14,0.14,0.14,0.14,0.14
1980-12-29,0.32,0.32,0.32,0.32,0.32,0.32,0.32,0.32,0.32,0.26,0.21,0.20,0.20,0.20,0.20,0.20,0.20,0.20,0.20,0.20
1980-12-30,0.49,0.49,0.49,0.49,0.49,0.49,0.49,0.49,0.49,0.41,0.33,0.31,0.31,0.31,0.31,0.31,0.31,0.31,0.31,0.31
1980-12-31,0.42,0.42,0.42,0.42,0.42,0.42,0.42,0.42,0.41,0.35,0.28,0.26,0.26,0.26,0.26,0.26,0.26,0.26,0.26,0.26
1981-01-01,0.49,0.49,0.49,0.49,0.49,0.49,0.49,0.49,0.49,0.41,0.33,0.31,0.31,0.31,0.31,0.31,0.31,0.31,0.31,0.31
1981-01-02,0.28,0.28,0.28,0.28,0.28,0.28,0.28,0.28,0.28,0.24,0.19,0.18,0.18,0.18,0.18,0.18,0.18,0.18,0.18,0.18
1981-01-03,0.45,0.45,0.45,0.45,0.45,0.45,0.45,0.45,0.44,0.37,0.30,0.28,0.28,0.28,0.28,0.28,0.28,0.28,0.28,0.28
1981-01-04,0.35,0.35,0.35,0.35,0.35,0.35,0.35,0.35,0.35,0.30,0.24,0.23,0.23,0.23,0.23,0.23,0.23,0.23,0.23,0.23
1981-01-05,0.22,0.22,0.22,0.22,0.22,0.22,0.22,0.22,0.21,0.18,0.14,0.14,0.14,0.14,0.14,0.14,0.14,0.14,0.14,0.14
1981-01-06,0.45,0.45,0.45,0.45,0.45,0.45,0.45,0.45,0.45,0.38,0.30,0.29,0.29,0.29,0.29,0.29,0.29,0.29,0.29,0.29
1981-01-07,0.25,0.25,0.25,0.25,0.25,0.25,0.25,0.25,0.24,0.20,0.16,0.16,0.16,0.16,0.16,0.16,0.16,0.16,0.16,0.16
1981-01-08,1.47,1.47,1.47,1.47,1.47,1.47,1.47,1.47,1.46,1.23,0.99,0.94,0.94,0.94,0.94,0.94,0.94,0.94,0.94,0.94
1981-01-09,0.13,0.13,0.13,0.13,0.13,0.13,0.13,0.13,0.13,0.11,0.09,0.08,0.08,0.08,0.08,0.08,0.08,0.08,0.08,0.08
1981-01-10,0.27,0.27,0.27,0.27,0.27,0.27,0.27,0.27,0.27,0.23,0.18,0.17,0.17,0.17,0.17,0.17,0.17,0.17,0.17,0.17
1981-01-11,1.05,1.05,1.05,1.05,1.05,1.05,1.05,1.05,1.05,0.88,0.71,0.67,0.67,0.67,0.67,0.67,0.67,0.67,0.67,0.67
1981-01-12,0.13,0.13,0.13,0.13,0.13,0.13,0.13,0.13,0.13,0.11,0.09,0.08,0.08,0.08,0.08,0.08,0.08,0.08,0.08,0.08
1981-01-13,0.22,0.22,0.22,0.22,0.22,0.22,0.22,0.22,0.22,0.18,0.15,0.14,0.14,0.14,0.14,0.14,0.14,0.14,0.14,0.14
1981-01-14,0.20,0.20,0.20,0.20,0.20,0.20,0.20,0.20,0.20,0.17,0.14,0.13,0.13,0.13,0.13,0.13,0.13,0.13,0.13,0.13
1981-01-15,0.29,0.29,0.29,0.29,0.29,0.29,0.29,0.29,0.29,0.24,0.20,0.19,0.19,0.19,0.19,0.19,0.19,0.19,0.19,0.19
1981-01-16,0.86,0.86,0.86,0.86,0.86,0.86,0.86,0.86,0.86,0.72,0.58,0.55,0.55,0.55,0.55,0.55,0.55,0.55,0.55,0.55
1981-01-17,1.41,1.41,1.41,1.41,1.41,1.41,1.41,1.41,1.41,1.18,0.96,0.91,0.91,0.91,0.91,0.91,0.91,0.91,0.91,0.91
1981-01-18,0.39,0.39,0.39,0.39,0.39,0.39,0.39,0.39,0.39,0.33,0.26,0.25,0.25,0.25,0.25,0.25,0.25,0.25,0.25,0.25
1981-01-19,3.18,3.18,3.18,3.18,3.18,3.18,3.18,3.18,3.17,2.67,2.16,2.05,2.05,2.05,2.05,2.05,2.05,2.05,2.05,2.05
1981-01-20,5.03,5.03,5.03,5.03,5.03,5.03,5.03,5.03,5.01,4.22,3.41,3.24,3.24,3.24,3.24,3.24,3.24,3.24,3.24,3.24
1981-01-21,2.35,2.35,2.35,2.35,2.35,2.35,2.35,2.35,2.34,1.97,1.59,1.51,1.51,1.51,1.51,1.51,1.51,1.51,1.51,1.51
1981-01-22,0.56,0.56,0.56,0.56,0.56,0.56,0.56,0.56,0.56,0.47,0.38,0.36,0.36,0.36,0.36,0.36,0.36,0.36,0.36,0.36
1981-01-23,0.42,0.42,0.42,0.42,0.42,0.42,0.42,0.42,0.42,0.35,0.29,0.27,0.27,0.27,0.27,0.27,0.27,0.27,0.27,0.27
1981-01-24,0.17,0.17,0.17,0.17,0.17,0.17,0.17,0.17,0.17,0.15,0.12,0.11,0.11,0.11,0.11,0.11,0.11,0.11,0.11,0.11
1981-01-25,0.74,0.74,0.74,0.74,0.74,0.74,0.74,0.74,0.74,0.63,0.51,0.48,0.48,0.48,0.48,0.48,0.48,0.48,0.48,0.48
1981-01-26,0.91,0.91,0.91,0.91,0.91,0.91,0.91,0.91,0.91,0.77,0.62,0.59,0.59,0.59,0.59,0.59,0.59,0.59,0.59,0.59
1981-01-27,0.91,0.91,0.91,0.91,0.91,0.91,0.91,0.91,0.91,0.77,0.62,0.59,0.59,0.59,0.59,0.59,0.59,0.59,0.59,0.59
1981-01-28,0.91,0.91,0.91,0.91,0.91,0.91,0.91,0.91,0.91,0.77,0.62,0.59,0.59,0.59,0.59,0.59,0.59,0.59,0.59,0.59
1981-01-29,0.19,0.19,0.19,0.19,0.19,0.19,0.19,0.19,0.19,0.16,0.13,0.13,0.13,0.13,0.13,0.13,0.13,0.13,0.13,0.13
1981-01-30,0.69,0.69,0.69,0.69,0.69,0.69,0.69,0.69,0.69,0.58,0.47,0.45,0.45,0.45,0.45,0.45,0.45,0.45,0.45,0.45
1981-01-31,0.34,0.34,0.34,0.34,0.34,0.34,0.34,0.34,0.34,0.29,0.24,0.22,0.22,0.22,0.22,0.22,0.22,0.22,0.22,0.22
1981-02-01,0.29,0.29,0.29,0.29,0.29,0.29,0.29,0.29,0.29,0.24,0.20,0.19,0.19,0.19,0.19,0.19,0.19,0.19,0.19,0.19
1981-02-02,0.38,0.38,0.38,0.38,0.38,0.38,0.38,0.38,0.38,0.32,0.26,0.25,0.25,0.25,0.25,0.25,0.25,0.25,0.25,0.25
1981-02-03,0.43,0.43,0.43,0.43,0.43,0.43,0.43,0.43,0.43,0.36,0.30,0.28,0.28,0.28,0.28,0.28,0.28,0.28,0.28,0.28
1981-02-04,0.43,0.43,0.43,0.43,0.43,0.43,0.43,0.43,0.43,0.36,0.30,0.28,0.28,0.28,0.28,0.28,0.28,0.28,0.28,0.28
1981-02-05,0.30,0.30,0.30,0.30,0.30,0.30,0.30,0.30,0.30,0.26,0.21,0.20,0.20,0.20,0.20,0.20,0.20,0.20,0.20,0.20
1981-02-06,0.59,0.59,0.59,0.59,0.59,0.59,0.59,0.59,0.58,0.50,0.41,0.39,0.39,0.39,0.39,0.39,0.39,0.39,0.39,0.39
1981-02-07,1.04,1.04,1.04,1.04,1.04,1.04,1.04,1.04,1.03,0.88,0.72,0.68,0.68,0.68,0.68,0.68,0.68,0.68,0.68,0.68
1981-02-08,0.69,0.69,0.69,0.69,0.69,0.69,0.69,0.69,0.68,0.58,0.48,0.45,0.45,0.45,0.45,0.45,0.45,0.45,0.45,0.45
1981-02-09,0.45,0.45,0.45,0.45,0.45,0.45,0.45,0.45,0.45,0.38,0.31,0.30,0.30,0.30,0.30,0.30,0.30,0.30,0.30,0.30
1981-02-10,0.74,0.74,0.74,0.74,0.74,0.74,0.74,0.74,0.73,0.63,0.51,0.49,0.49,0.49,0.49,0.49,0.49,0.49,0.49,0.49
1981-02-11,1.11,1.11,1.11,1.11,1.11,1.11,1.10,1.10,1.10,0.94,0.77,0.73,0.73,0.73,0.73,0.73,0.73,0.73,0.73,0.73
1981-02-12,1.11,1.11,1.11,1.11,1.11,1.11,1.10,1.10,1.10,0.94,0.77,0.73,0.73,0.73,0.73,0.73,0.73,0.73,0.73,0.73
1981-02-13,0.33,0.33,0.33,0.33,0.33,0.33,0.33,0.33,0.33,0.33,0.31,0.29,0.29,0.29,0.29,0.29,0.29,0.29,0.29,0.29
1981-02-14,0.77,0.77,0.77,0.77,0.77,0.77,0.77,0.77,0.77,0.77,0.72,0.67,0.67,0.67,0.67,0.67,0.67,0.67,0.67,0.67
1981-02-15,0.48,0.48,0.48,0.48,0.48,0.48,0.48,0.48,0.48,0.48,0.45,0.42,0.42,0.42,0.42,0.42,0.42,0.42,0.42,0.42
1981-02-16,1.20,1.20,1.20,1.20,1.20,1.20,1.20,1.20,1.20,1.20,1.14,1.05,1.05,1.05,1.05,1.05,1.05,1.05,1.05,1.05
1981-02-17,1.39,1.39,1.39,1.39,1.39,1.39,1.39,1.39,1.39,1.39,1.31,1.21,1.21,1.21,1.21,1.21,1.21,1.21,1.21,1.21
1981-02-18,1.39,1.39,1.39,1.39,1.39,1.39,1.39,1.39,1.39,1.39,1.31,1.21,1.21,1.21,1.21,1.21,1.21,1.21,1.21,1.21
1981-02-19,1.39,1.39,1.39,1.39,1.39,1.39,1.39,1.39,1.39,1.39,1.31,1.21,1.21,1.21,1.21,1.21,1.21,1.21,1.21,1.21
1981-02-20,1.39,1.39,1.39,1.39,1.39,1.39,1.39,1.39,1.39,1.39,1.31,1.21,1.21,1.21,1.21,1.21,1.21,1.21,1.21,1.21
1981-02-21,1.39,1.39,1.39,1.39,1.39,1.39,1.39,1.39,1.39,1.39,1.31,1.21,1.21,1.21,1.21,1.21,1.21,1.21,1.21,1.21
1981-02-22,1.39,1.39,1.39,1.39,1.39,1.39,1.39,1.39,1.39,1.39,1.31,1.21,1.21,1.21,1.21,1.21,1.21,1.21,1.21,1.21
1981-02-23,1.39,1.39,1.39,1.39,1.39,1.39,1.39,1.39,1.39,1.39,1.31,1.21,1.21,1.21,1.21,1.21,1.21,1.21,1.21,1.21
1981-02-24,1.39,1.39,1.39,1.39,1.39,1.39,1.39,1.39,1.39,1.39,1.31,1.21,1.21,1.21,1.21,1.21,1.21,1.21,1.21,1.21
1981-02-25,1.39,1.39,1.39,1.39,1.39,1.39,1.39,1.39,1.39,1.39,1.31,1.21,1.21,1.21,1.21,1.21,1.21,1.21,1.21,1.21
1981-02-26,1.39,1.39,1.39,1.39,1.39,1.39,1.39,1.39,1.39,1.39,1.31,1.21,1.21,1.21,1.21,1.21,1.21,1.21,1.21,1.21
1981-02-27,1.39,1.39,1.39,1.39,1.39,1.39,1.39,1.39,1.39,1.39,1.31,1.21,1.21,1.21,1.21,1.21,1.21,1.21,1.21,1.21
1981-02-28,1.39,1.39,1.39,1.39,1.39,1.39,1.39,1.39,1.39,1.39,1.31,1.21,1.21,1.21,1.21,1.21,1.21,1.21,1.21,1.21
1981-03-01,0.11,0.11,0.11,0.11,0.11,0.11,0.11,0.11,0.11,0.11,0.11,0.11,0.11,0.11,0.11,0.11,0.11,0.11,0.11,0.11
1981-03-02,0.09,0.09,0.09,0.09,0.09,0.09,0.09,0.09,0.09,0.09,0.09,0.09,0.09,0.09,0.09,0.09,0.09,0.09,0.09,0.09
1981-03-03,0.10,0.10,0.10,0.10,0.10,0.10,0.10,0.10,0.10,0.10,0.10,0.10,0.10,0.10,0.10,0.10,0.10,0.10,0.10,0.10
1981-03-04,0.76,0.76,0.76,0.76,0.76,0.76,0.76,0.76,0.76,0.76,0.76,0.76,0.76,0.76,0.76,0.76,0.76,0.76,0.76,0.76
1981-03-05,0.93,0.93,0.93,0.93,0.93,0.93,0.93,0.93,0.93,0.93,0.93,0.93,0.93,0.93,0.93,0.93,0.93,0.93,0.93,0.93
1981-03-06,0.66,0.66,0.66,0.66,0.66,0.66,0.66,0.66,0.66,0.66,0.66,0.66,0.66,0.66,0.66,0.66,0.66,0.66,0.66,0.66
1981-03-07,0.55,0.55,0.55,0.55,0.55,0.55,0.55,0.55,0.55,0.55,0.55,0.55,0.55,0.55,0.55,0.55,0.55,0.55,0.55,0.55
1981-03-08,0.21,0.21,0.21,0.21,0.21,0.21,0.21,0.21,0.21,0.21,0.21,0.21,0.21,0.21,0.21,0.21,0.21,0.21,0.21,0.21
1981-03-09,0.28,0.28,0.28,0.28,0.28,0.28,0.28,0.28,0.28,0.28,0.28,0.28,0.28,0.28,0.28,0.28,0.28,0.28,0.28,0.28
1981-03-10,0.28,0.28,0.28,0.28,0.28,0.28,0.28,0.28,0.28,0.28,0.28,0.28,0.28,0.28,0.28,0.28,0.28,0.28,0.28,0.28
1981-03-11,0.28,0.28,0.28,0.28,0.28,0.28,0.28,0.28,0.28,0.28,0.28,0.28,0.28,0.28,0.28,0.28,0.28,0.28,0.28,0.28
1981-03-12,0.68,0.68,0.68,0.68,0.68,0.68,0.68,0.68,0.68,0.68,0.68,0.68,0.68,0.68,0.68,0.68,0.68,0.68,0.68,0.68
1981-03-13,0.45,0.45,0.45,0.45,0.45,0.45,0.45,0.45,0.45,0.45,0.45,0.45,0.45,0.45,0.45,0.45,0.45,0.45,0.45,0.45
1981-03-14,0.87,0.87,0.87,0.87,0.87,0.87,0.87,0.87,0.87,0.87,0.87,0.87,0.87,0.87,0.87,0.87,0.87,0.87,0.87,0.87
1981-03-15,4.35,4.35,4.35,4.35,4.35,4.35,4.35,4.35,4.35,4.35,4.34,4.34,4.34,4.34,4.34,4.34,4.34,4.34,4.34,4.34
1981-03-16,4.58,4.58,4.58,4.58,4.58,4.58,4.58,4.58,4.58,4.58,4.57,4.57,4.57,4.57,4.57,4.57,4.57,4.57,4.57,4.57
1981-03-17,0.28,0.28,0.28,0.28,0.28,0.28,0.28,0.28,0.28,0.28,0.28,0.28,0.28,0.28,0.28,0.28,0.28,0.28,0.28,0.28
1981-03-18,0.53,0.53,0.53,0.53,0.53,0.53,0.53,0.53,0.53,0.53,0.53,0.53,0.53,0.53,0.53,0.53,0.53,0.53,0.53,0.53
1981-03-19,1.79,1.79,1.79,1.79,1.79,1.79,1.79,1.79,1.79,1.79,1.79,1.79,1.79,1.79,1.79,1.79,1.79,1.79,1.79,1.79
1981-03-20,0.90,0.90,0.90,0.90,0.90,0.90,0.90,0.90,0.90,0.90,0.90,0.90,0.90,0.90,0.90,0.90,0.90,0.90,0.90,0.90
1981-03-21,1.60,1.60,1.60,1.60,1.60,1.60,1.60,1.60,1.60,1.60,1.60,1.60,1.60,1.60,1.60,1.60,1.60,1.60,1.60,1.60
1981-03-22,0.22,0.22,0.22,0.22,0.22,0.22,0.22,0.22,0.22,0.22,0.22,0.22,0.22,0.22,0.22,0.22,0.22,0.22,0.22,0.22
1981-03-23,0.13,0.13,0.13,0.13,0.13,0.13,0.13,0.13,0.13,0.13,0.13,0.13,0.13,0.13,0.13,0.13,0.13,0.13,0.13,0.13
1981-03-24,0.02,0.02,0.02,0.02,0.02,0.02,0.02,0.02,0.02,0.02,0.02,0.02,0.02,0.02,0.02,0.02,0.02,0.02,0.02,0.02
1981-03-25,0.55,0.55,0.55,0.55,0.55,0.55,0.55,0.55,0.55,0.55,0.55,0.55,0.55,0.55,0.55,0.55,0.55,0.55,0.55,0.55
1981-03-26,1.42,1.42,1.42,1.42,1.42,1.42,1.42,1.42,1.42,1.42,1.42,1.42,1.42,1.42,1.42,1.42,1.42,1.42,1.42,1.42
1981-03-27,1.48,1.48,1.48,1.48,1.48,1.48,1.48,1.48,1.48,1.48,1.48,1.48,1.48,1.48,1.48,1.48,1.48,1.48,1.48,1.48
1981-03-28,1.53,1.53,1.53,1.53,1.53,1.53,1.53,1.53,1.53,1.53,1.53,1.53,1.53,1.53,1.53,1.53,1.53,1.53,1.53,1.53
1981-03-29,1.28,1.28,1.28,1.28,1.28,1.28,1.28,1.28,1.28,1.28,1.28,1.28,1.28,1.28,1.28,1.28,1.28,1.28,1.28,1.28
1981-03-30,1.33,1.33,1.33,1.33,1.33,1.33,1.33,1.33,1.33,1.33,1.33,1.33,1.33,1.33,1.33,1.33,1.33,1.33,1.33,1.33
1981-03-31,1.33,1.33,1.33,1.33,1.33,1.33,1.33,1.33,1.33,1.33,1.33,1.33,1.33,1.33,1.33,1.33,1.33,1.33,1.33,1.33
1981-04-01,1.33,1.33,1.33,1.33,1.33,1.33,1.33,1.33,1.33,1.33,1.33,1.33,1.33,1.33,1.33,1.33,1.33,1.33,1.33,1.33
1981-04-02,5.61,5.61,5.61,5.61,5.61,5.61,5.61,5.61,5.61,5.61,5.61,5.61,5.61,5.61,5.61,5.61,5.61,5.61,5.61,5.61
1981-04-03,3.09,3.09,3.09,3.09,3.09,3.09,3.09,3.09,3.09,3.09,3.09,3.09,3.09,3.09,3.09,3.09,3.09,3.09,3.09,3.09
1981-04-04,1.88,1.88,1.88,1.88,1.88,1.88,1.88,1.88,1.88,1.88,1.88,1.88,1.88,1.88,1.88,1.88,1.88,1.88,1.88,1.88
1981-04-05,0.76,0.76,0.76,0.76,0.76,0.76,0.76,0.76,0.76,0.76,0.76,0.76,0.76,0.76,0.76,0.76,0.76,0.76,0.76,0.76
1981-04-06,1.80,1.80,1.80,1.80,1.80,1.80,1.80,1.80,1.80,1.80,1.80,1.80,1.80,1.80,1.80,1.80,1.80,1.80,1.80,1.80
1981-04-07,7.67,7.67,7.67,7.67,7.67,7.67,7.67,7.67,7.67,7.67,7.67,7.67,7.67,7.67,7.67,7.67,7.67,7.67,7.67,7.67
1981-04-08,1.49,1.49,1.49,1.49,1.49,1.49,1.49,1.49,1.49,1.49,1.49,1.49,1.49,1.49,1.49,1.49,1.49,1.49,1.49,1.49
1981-04-09,2.43,2.43,2.43,2.43,2.43,2.43,2.43,2.43,2.43,2.43,2.43,2.43,2.43,2.43,2.43,2.43,2.43,2.43,2.43,2.43
1981-04-10,3.48,3.48,3.48,3.48,3.48,3.48,3.48,3.48,3.48,3.48,3.48,3.48,3.48,3.48,3.48,3.48,3.48,3.48,3.48,3.48
1981-04-11,5.07,5.07,5.07,5.07,5.07,5.07,5.07,5.07,5.07,5.07,5.07,5.07,5.07,5.07,5.07,5.07,5.07,5.07,5.07,5.07
1981-04-12,5.07,5.07,5.07,5.07,5.07,5.07,5.07,5.07,5.07,5.07,5.07,5.07,5.07,5.07,5.07,5.07,5.07,5.07,5.07,5.07
1981-04-13,5.07,5.07,5.07,5.07,5.07,5.07,5.07,5.07,5.07,5.07,5.07,5.07,5.07,5.07,5.07,5.07,5.07,5.07,5.07,5.07
1981-04-14,5.07,5.07,5.07,5.07,5.07,5.07,5.07,5.07,5.07,5.07,5.07,5.07,5.07,5.07,5.07,5.07,5.07,5.07,5.07,5.07
1981-04-15,1.42,1.42,1.42,1.42,1.42,1.42,1.42,1.42,1.42,1.42,1.42,1.42,1.42,1.42,1.42,1.42,1.42,1.42,1.42,1.42
1981-04-16,1.33,1.33,1.33,1.33,1.33,1.33,1.33,1.33,1.33,1.33,1.33,1.33,1.33,1.33,1.33,1.33,1.33,1.33,1.33,1.33
1981-04-17,23.21,23.21,23.21,23.21,23.21,23.21,23.21,23.21,23.21,23.21,23.21,23.21,23.21,23.21,23.21,23.21,23.21,23.21,23.21,23.21
1981-04-18,18.92,18.92,18.92,18.92,18.92,18.92,18.92,18.92,18.92,18.92,18.92,18.92,18.92,18.92,18.92,18.92,18.92,18.92,18.92,18.92
1981-04-19,14.17,14.17,14.17,14.17,14.17,14.17,14.17,14.17,14.17,14.17,14.17,14.17,14.17,14.17,14.17,14.17,14.17,14.17,14.17,14.17
1981-04-20,4.23,4.23,4.23,4.23,4.23,4.23,4.23,4.23,4.23,4.23,4.23,4.23,4.23,4.23,4.23,4.23,4.23,4.23,4.23,4.23
1981-04-21,2.65,2.65,2.65,2.65,2.65,2.65,2.65,2.65,2.65,2.65,2.65,2.65,2.65,2.65,2.65,2.65,2.65,2.65,2.65,2.65
1981-04-22,1.30,1.30,1.30,1.30,1.30,1.30,1.30,1.30,1.30,1.30,1.30,1.30,1.30,1.30,1.30,1.30,1.30,1.30,1.30,1.30
1981-04-23,2.20,2.20,2.20,2.20,2.20,2.20,2.20,2.20,2.20,2.20,2.20,2.20,2.20,2.20,2.20,2.20,2.20,2.20,2.20,2.20
1981-04-24,2.20,2.20,2.20,2.20,2.20,2.20,2.20,2.20,2.20,2.20,2.20,2.20,2.20,2.20,2.20,2.20,2.20,2.20,2.20,2.20
1981-04-25,3.47,3.47,3.47,3.47,3.47,3.47,3.47,3.47,3.47,3.41,3.39,3.39,3.39,3.39,3.39,3.39,3.39,3.39,3.39,3.39
1981-04-26,8.24,8.24,8.24,8.24,8.24,8.24,8.24,8.24,8.24,8.12,8.06,8.06,8.06,8.06,8.06,8.06,8.06,8.06,8.06,8.06
1981-04-27,16.35,16.35,16.35,16.35,16.35,16.35,16.35,16.35,16.35,16.12,15.99,15.99,15.99,15.99,15.99,15.99,15.99,15.99,15.99,15.99
1981-04-28,25.65,25.65,25.65,25.65,25.65,25.65,25.65,25.65,25.65,25.29,25.09,25.09,25.09,25.09,25.09,25.09,25.09,25.09,25.09,25.09
1981-04-29,53.99,53.99,53.99,53.99,53.99,53.99,53.99,53.99,53.99,53.87,53.81,53.81,53.81,53.81,53.81,53.81,53.81,53.81,53.81,53.81
1981-04-30,3.63,3.63,3.63,3.63,3.63,3.63,3.63,3.63,3.63,3.63,3.62,3.62,3.62,3.62,3.62,3.62,3.62,3.62,3.62,3.62
1981-05-01,0.59,0.59,0.59,0.59,0.59,0.59,0.59,0.59,0.59,0.59,0.59,0.59,0.59,0.59,0.59,0.59,0.59,0.59,0.59,0.59
1981-05-02,0.59,0.59,0.59,0.59,0.59,0.59,0.59,0.59,0.59,0.59,0.59,0.59,0.59,0.59,0.59,0.59,0.59,0.59,0.59,0.59
1981-05-03,3.39,3.39,3.39,3.39,3.39,3.39,3.39,3.39,3.39,3.19,3.17,3.17,3.17,3.17,3.17,3.17,3.17,3.17,3.17,3.17
1981-05-04,3.09,3.09,3.09,3.09,3.09,3.09,3.09,3.09,3.09,2.92,2.90,2.90,2.90,2.90,2.90,2.90,2.90,2.90,2.90,2.90
1981-05-05,7.03,7.03,7.03,7.03,7.03,7.03,7.03,7.03,7.03,6.97,6.96,6.96,6.96,6.96,6.96,6.96,6.96,6.96,6.96,6.96
1981-05-06,14.53,14.53,14.53,14.53,14.53,14.53,14.53,14.53,14.53,14.45,14.44,14.44,14.44,14.44,14.44,14.44,14.44,14.44,14.44,14.44
1981-05-07,4.65,4.65,4.65,4.65,4.65,4.65,4.65,4.65,4.65,4.40,4.37,4.37,4.37,4.37,4.37,4.37,4.37,4.37,4.37,4.37
1981-05-08,2.34,2.34,2.34,2.34,2.34,2.34,2.34,2.34,2.34,2.22,2.20,2.20,2.20,2.20,2.20,2.20,2.20,2.20,2.20,2.20
1981-05-09,2.62,2.62,2.62,2.62,2.62,2.62,2.62,2.62,2.62,2.49,2.47,2.47,2.47,2.47,2.47,2.47,2.47,2.47,2.47,2.47
1981-05-10,1.56,1.56,1.56,1.56,1.56,1.56,1.56,1.56,1.56,1.48,1.47,1.47,1.47,1.47,1.47,1.47,1.47,1.47,1.47,1.47
1981-05-11,3.17,3.17,3.17,3.17,3.17,3.17,3.17,3.17,3.17,3.01,2.99,2.99,2.99,2.99,2.99,2.99,2.99,2.99,2.99,2.99
1981-05-12,2.95,2.95,2.95,2.95,2.95,2.95,2.95,2.95,2.95,2.95,2.95,2.95,2.95,2.95,2.95,2.95,2.95,2.95,2.95,2.95
1981-05-13,2.23,2.23,2.23,2.23,2.23,2.23,2.23,2.23,2.23,2.23,2.23,2.23,2.23,2.23,2.23,2.23,2.23,2.23,2.23,2.23
1981-05-14,23.20,23.20,23.20,23.20,23.20,23.20,23.20,23.20,23.20,23.20,23.20,23.20,23.20,23.20,23.20,23.20,23.20,23.20,23.20,23.20
1981-05-15,50.59,50.59,50.59,50.59,50.59,50.59,50.59,50.59,50.59,50.59,50.59,50.59,50.59,50.59,50.59,50.59,50.59,50.59,50.59,50.59
1981-05-16,6.88,6.88,6.88,6.88,6.88,6.88,6.88,6.88,6.88,6.88,6.88,6.88,6.88,6.88,6.88,6.88,6.88,6.88,6.88,6.88
1981-05-17,2.32,2.32,2.32,2.32,2.32,2.32,2.32,2.32,2.32,2.32,2.32,2.32,2.32,2.32,2.32,2.32,2.32,2.32,2.32,2.32
1981-05-18,2.86,2.86,2.86,2.86,2.86,2.86,2.86,2.86,2.86,2.86,2.86,2.86,2.86,2.86,2.86,2.86,2.86,2.86,2.86,2.86
1981-05-19,8.22,8.22,8.22,8.22,8.22,8.22,8.22,8.22,8.22,8.22,8.22,8.22,8.22,8.22,8.22,8.22,8.22,8.22,8.22,8.22
1981-05-20,3.08,3.08,3.08,3.08,3.08,3.08,3.08,3.08,3.08,3.08,3.08,3.08,3.08,3.08,3.08,3.08,3.08,3.08,3.08,3.08
1981-05-21,4.98,4.98,4.98,4.98,4.98,4.98,4.98,4.98,4.98,4.98,4.98,4.98,4.98,4.98,4.98,4.98,4.98,4.98,4.98,4.98
1981-05-22,1.94,1.94,1.94,1.94,1.94,1.94,1.94,1.94,1.94,1.94,1.94,1.94,1.94,1.94,1.94,1.94,1.94,1.94,1.94,1.94
1981-05-23,2.88,2.88,2.88,2.88,2.88,2.88,2.88,2.88,2.88,2.88,2.88,2.88,2.88,2.88,2.88,2.88,2.88,2.88,2.88,2.88
1981-05-24,10.65,10.65,10.65,10.65,10.65,10.65,10.65,10.65,10.65,10.65,10.65,10.65,10.65,10.65,10.65,10.65,10.65,10.65,10.65,10.65
1981-05-25,4.00,4.00,4.00,4.00,4.00,4.00,4.00,4.00,4.00,4.00,4.00,4.00,4.00,4.00,4.00,4.00,4.00,4.00,4.00,4.00
1981-05-26,4.16,4.16,4.16,4.16,4.16,4.16,4.16,4.16,4.16,4.16,4.16,4.16,4.16,4.16,4.16,4.16,4.16,4.16,4.16,4.16
1981-05-27,8.86,8.86,8.86,8.86,8.86,8.86,8.86,8.86,8.86,8.86,8.86,8.86,8.86,8.86,8.86,8.86,8.86,8.86,8.86,8.86
1981-05-28,18.32,18.32,18.32,18.32,18.32,18.32,18.32,18.32,18.32,18.32,18.32,18.32,18.32,18.32,18.32,18.32,18.32,18.32,18.32,18.32
1981-05-29,5.65,5.65,5.65,5.65,5.65,5.65,5.65,5.65,5.65,5.65,5.65,5.65,5.65,5.65,5.65,5.65,5.65,5.65,5.65,5.65
1981-05-30,6.54,6.54,6.54,6.54,6.54,6.54,6.54,6.54,6.54,6.54,6.54,6.54,6.54,6.54,6.54,6.54,6.54,6.54,6.54,6.54
1981-05-31,8.45,8.45,8.45,8.45,8.45,8.45,8.45,8.45,8.45,8.45,8.45,8.45,8.45,8.45,8.45,8.45,8.45,8.45,8.45,8.45
1981-06-01,8.91,8.91,8.91,8.91,8.91,8.91,8.91,8.91,8.91,8.91,8.91,8.91,8.91,8.91,8.91,8.91,8.91,8.91,8.91,8.91
1981-06-02,24.04,24.04,24.04,24.04,24.04,24.04,24.04,24.04,24.04,24.04,24.04,24.04,24.04,24.04,24.04,24.04,24.04,24.04,24.04,24.04
1981-06-03,24.04,24.04,24.04,24.04,24.04,24.04,24.04,24.04,24.04,24.04,24.04,24.04,24.04,24.04,24.04,24.04,24.04,24.04,24.04,24.04
1981-06-04,5.05,5.05,5.05,5.05,5.05,5.05,5.05,5.05,5.05,5.02,5.01,5.01,5.01,5.01,5.01,5.01,5.01,5.01,5.01,5.01
1981-06-05,4.51,4.51,4.51,4.51,4.51,4.51,4.51,4.51,4.51,4.48,4.47,4.47,4.47,4.47,4.47,4.47,4.47,4.47,4.47,4.47
1981-06-06,17.08,17.08,17.08,17.08,17.08,17.08,17.08,17.08,17.07,16.96,16.93,16.93,16.93,16.93,16.93,16.93,16.93,16.93,16.93,16.93
1981-06-07,4.28,4.28,4.28,4.28,4.28,4.28,4.28,4.28,4.28,4.25,4.24,4.24,4.24,4.24,4.24,4.24,4.24,4.24,4.24,4.24
1981-06-08,3.03,3.03,3.03,3.03,3.03,3.03,3.03,3.03,3.03,3.01,3.01,3.01,3.01,3.01,3.01,3.01,3.01,3.01,3.01,3.01
1981-06-09,4.78,4.78,4.78,4.78,4.78,4.78,4.78,4.78,4.78,4.74,4.74,4.74,4.74,4.74,4.74,4.74,4.74,4.74,4.74,4.74
1981-06-10,4.52,4.52,4.52,4.52,4.52,4.52,4.52,4.52,4.52,4.49,4.48,4.48,4.48,4.48,4.48,4.48,4.48,4.48,4.48,4.48
1981-06-11,11.31,11.31,11.31,11.31,11.31,11.31,11.31,11.31,11.30,11.22,11.21,11.21,11.21,11.21,11.21,11.21,11.21,11.21,11.21,11.21
1981-06-12,5.53,5.53,5.53,5.53,5.53,5.53,5.53,5.53,5.53,5.49,5.48,5.48,5.48,5.48,5.48,5.48,5.48,5.48,5.48,5.48
1981-06-13,4.70,4.70,4.70,4.70,4.70,4.70,4.70,4.70,4.69,4.66,4.65,4.65,4.65,4.65,4.65,4.65,4.65,4.65,4.65,4.65
1981-06-14,8.38,8.38,8.38,8.38,8.38,8.38,8.38,8.38,8.38,8.32,8.30,8.30,8.30,8.30,8.30,8.30,8.30,8.30,8.30,8.30
1981-06-15,2.33,2.33,2.33,2.33,2.33,2.33,2.33,2.33,2.33,2.30,2.30,2.30,2.30,2.30,2.30,2.30,2.30,2.30,2.30,2.30
1981-06-16,6.13,6.13,6.13,6.13,6.13,6.13,6.13,6.13,6.13,6.05,6.04,6.04,6.04,6.04,6.04,6.04,6.04,6.04,6.04,6.04
1981-06-17,6.95,6.95,6.95,6.95,6.95,6.95,6.95,6.95,6.95,6.86,6.85,6.85,6.85,6.85,6.85,6.85,6.85,6.85,6.85,6.85
1981-06-18,11.67,11.67,11.67,11.67,11.67,11.67,11.67,11.67,11.66,11.51,11.50,11.50,11.50,11.50,11.50,11.50,11.50,11.50,11.50,11.50
1981-06-19,3.90,3.90,3.90,3.90,3.90,3.90,3.90,3.90,3.90,3.85,3.85,3.85,3.85,3.85,3.85,3.85,3.85,3.85,3.85,3.85
1981-06-20,3.81,3.81,3.81,3.81,3.81,3.81,3.81,3.81,3.81,3.76,3.76,3.76,3.76,3.76,3.76,3.76,3.76,3.76,3.76,3.76
1981-06-21,3.93,3.93,3.93,3.93,3.93,3.93,3.93,3.93,3.93,3.87,3.87,3.87,3.87,3.87,3.87,3.87,3.87,3.87,3.87,3.87
1981-06-22,1.80,1.80,1.80,1.80,1.80,1.80,1.80,1.80,1.80,1.77,1.77,1.77,1.77,1.77,1.77,1.77,1.77,1.77,1.77,1.77
1981-06-23,5.17,5.17,5.17,5.17,5.17,5.17,5.17,5.17,5.17,5.09,5.08,5.08,5.08,5.08,5.08,5.08,5.08,5.08,5.08,5.08
1981-06-24,17.19,17.19,17.19,17.19,17.19,17.19,17.19,17.19,17.19,16.94,16.91,16.91,16.91,16.91,16.91,16.91,16.91,16.91,16.91,16.91
1981-06-25,6.05,6.05,6.05,6.05,6.05,6.05,6.05,6.05,6.05,5.96,5.95,5.95,5.95,5.95,5.95,5.95,5.95,5.95,5.95,5.95
1981-06-26,9.51,9.51,9.51,9.51,9.51,9.51,9.51,9.51,9.50,9.31,9.29,9.29,9.29,9.29,9.29,9.29,9.29,9.29,9.29,9.29
1981-06-27,6.10,6.10,6.10,6.10,6.10,6.10,6.10,6.10,6.09,5.97,5.96,5.96,5.96,5.96,5.96,5.96,5.96,5.96,5.96,5.96
1981-06-28,18.28,18.28,18.28,18.28,18.28,18.28,18.28,18.28,18.26,17.89,17.86,17.86,17.86,17.86,17.86,17.86,17.86,17.86,17.86,17.86
1981-06-29,3.71,3.71,3.71,3.71,3.71,3.71,3.71,3.71,3.70,3.63,3.62,3.62,3.62,3.62,3.62,3.62,3.62,3.62,3.62,3.62
1981-06-30,4.70,4.70,4.70,4.70,4.70,4.70,4.70,4.70,4.69,4.59,4.59,4.59,4.59,4.59,4.59,4.59,4.59,4.59,4.59,4.59
1981-07-01,1.85,1.85,1.85,1.85,1.85,1.85,1.85,1.85,1.84,1.81,1.80,1.80,1.80,1.80,1.80,1.80,1.80,1.80,1.80,1.80
1981-07-02,17.58,17.58,17.58,17.58,17.58,17.58,17.58,17.58,17.56,17.17,17.14,17.14,17.14,17.14,17.14,17.14,17.14,17.14,17.14,17.14
1981-07-03,8.92,8.92,8.92,8.92,8.92,8.92,8.92,8.92,8.92,8.71,8.70,8.70,8.70,8.70,8.70,8.70,8.70,8.70,8.70,8.70
1981-07-04,0.33,0.33,0.33,0.33,0.33,0.33,0.33,0.33,0.33,0.32,0.32,0.32,0.32,0.32,0.32,0.32,0.32,0.32,0.32,0.32
1981-07-05,2.80,2.80,2.80,2.80,2.80,2.80,2.80,2.80,2.80,2.74,2.71,2.70,2.70,2.70,2.70,2.70,2.70,2.70,2.70,2.70
1981-07-06,4.28,4.28,4.28,4.28,4.28,4.28,4.28,4.28,4.28,4.18,4.14,4.13,4.13,4.13,4.13,4.13,4.13,4.13,4.13,4.13
1981-07-07,10.15,10.15,10.15,10.15,10.15,10.15,10.15,10.15,10.15,9.90,9.82,9.78,9.78,9.78,9.78,9.78,9.78,9.78,9.78,9.78
1981-07-08,21.82,21.82,21.82,21.82,21.82,21.82,21.82,21.82,21.81,21.29,21.09,21.02,21.02,21.02,21.02,21.02,21.02,21.02,21.02,21.02
1981-07-09,21.99,21.99,21.99,21.99,21.99,21.99,21.99,21.99,21.98,21.44,21.24,21.17,21.17,21.17,21.17,21.17,21.17,21.17,21.17,21.17
1981-07-10,7.40,7.40,7.40,7.40,7.40,7.40,7.40,7.40,7.40,7.21,7.14,7.12,7.12,7.12,7.12,7.12,7.12,7.12,7.12,7.12
1981-07-11,10.40,10.40,10.40,10.40,10.40,10.40,10.40,10.40,10.40,10.14,10.04,10.01,10.01,10.01,10.01,10.01,10.01,10.01,10.01,10.01
1981-07-12,23.45,23.45,23.45,23.45,23.45,23.45,23.45,23.45,23.43,22.84,22.62,22.54,22.54,22.54,22.54,22.54,22.54,22.54,22.54,22.54
1981-07-13,36.21,36.21,36.21,36.21,36.21,36.21,36.21,36.21,36.18,35.26,34.92,34.80,34.80,34.80,34.80,34.80,34.80,34.80,34.80,34.80
1981-07-14,65.91,65.91,65.91,65.91,65.91,65.91,65.91,65.91,65.87,64.16,63.45,63.23,63.23,63.23,63.23,63.23,63.23,63.23,63.23,63.23
1981-07-15,36.97,36.97,36.97,36.97,36.97,36.97,36.97,36.97,36.94,35.97,35.55,35.43,35.43,35.43,35.43,35.43,35.43,35.43,35.43,35.43
1981-07-16,5.65,5.65,5.65,5.65,5.65,5.65,5.65,5.65,5.65,5.49,5.43,5.41,5.41,5.41,5.41,5.41,5.41,5.41,5.41,5.41
1981-07-17,3.67,3.67,3.67,3.67,3.67,3.67,3.67,3.67,3.67,3.57,3.53,3.51,3.51,3.51,3.51,3.51,3.51,3.51,3.51,3.51
1981-07-18,4.76,4.76,4.76,4.76,4.76,4.76,4.76,4.76,4.75,4.62,4.57,4.55,4.55,4.55,4.55,4.55,4.55,4.55,4.55,4.55
1981-07-19,13.87,13.87,13.87,13.87,13.87,13.87,13.87,13.87,13.86,13.47,13.30,13.25,13.25,13.25,13.25,13.25,13.25,13.25,13.25,13.25
1981-07-20,6.33,6.33,6.33,6.33,6.33,6.33,6.33,6.33,6.33,6.15,6.07,6.05,6.05,6.05,6.05,6.05,6.05,6.05,6.05,6.05
1981-07-21,6.33,6.33,6.33,6.33,6.33,6.33,6.33,6.33,6.33,6.15,6.07,6.05,6.05,6.05,6.05,6.05,6.05,6.05,6.05,6.05
1981-07-22,16.73,16.73,16.73,16.73,16.73,16.73,16.73,16.73,16.72,16.25,15.96,15.91,15.91,15.91,15.91,15.91,15.91,15.91,15.91,15.91
1981-07-23,6.86,6.86,6.86,6.86,6.86,6.86,6.86,6.86,6.85,6.65,6.54,6.51,6.51,6.51,6.51,6.51,6.51,6.51,6.51,6.51
1981-07-24,18.24,18.24,18.24,18.24,18.24,18.24,18.24,18.24,18.23,17.70,17.38,17.32,17.32,17.32,17.32,17.32,17.32,17.32,17.32,17.32
1981-07-25,13.99,13.99,13.99,13.99,13.99,13.99,13.99,13.99,13.98,13.57,13.32,13.28,13.28,13.28,13.28,13.28,13.28,13.28,13.28,13.28
1981-07-26,4.60,4.60,4.60,4.60,4.60,4.60,4.60,4.60,4.60,4.46,4.38,4.37,4.37,4.37,4.37,4.37,4.37,4.37,4.37,4.37
1981-07-27,6.25,6.25,6.25,6.25,6.25,6.25,6.25,6.25,6.25,6.06,5.95,5.93,5.93,5.93,5.93,5.93,5.93,5.93,5.93,5.93
1981-07-28,6.89,6.89,6.89,6.89,6.89,6.89,6.89,6.89,6.89,6.69,6.54,6.52,6.52,6.52,6.52,6.52,6.52,6.52,6.52,6.52
1981-07-29,3.15,3.15,3.15,3.15,3.15,3.15,3.15,3.15,3.15,3.06,2.99,2.98,2.98,2.98,2.98,2.98,2.98,2.98,2.98,2.98
1981-07-30,5.59,5.59,5.59,5.59,5.59,5.59,5.59,5.59,5.59,5.43,5.30,5.28,5.28,5.28,5.28,5.28,5.28,5.28,5.28,5.28
1981-07-31,57.36,57.36,57.36,57.36,57.36,57.36,57.36,57.36,57.33,55.68,54.34,54.18,54.18,54.18,54.18,54.18,54.18,54.18,54.18,54.18
1981-08-01,4.14,4.14,4.14,4.14,4.14,4.14,4.14,4.14,4.14,4.02,3.92,3.91,3.91,3.91,3.91,3.91,3.91,3.91,3.91,3.91
1981-08-02,15.77,15.77,15.77,15.77,15.77,15.77,15.77,15.77,15.76,15.30,14.92,14.87,14.87,14.87,14.87,14.87,14.87,14.87,14.87,14.87
1981-08-03,4.40,4.40,4.40,4.40,4.40,4.40,4.40,4.40,4.40,4.27,4.16,4.15,4.15,4.15,4.15,4.15,4.15,4.15,4.15,4.15
1981-08-04,3.13,3.13,3.13,3.13,3.13,3.13,3.13,3.13,3.13,3.03,2.96,2.95,2.95,2.95,2.95,2.95,2.95,2.95,2.95,2.95
1981-08-05,0.78,0.78,0.78,0.78,0.78,0.78,0.78,0.78,0.78,0.76,0.74,0.74,0.74,0.74,0.74,0.74,0.74,0.74,0.74,0.74
1981-08-06,13.01,13.01,13.01,13.01,13.01,13.01,13.01,13.01,13.00,12.59,12.28,12.24,12.24,12.24,12.24,12.24,12.24,12.24,12.24,12.24
1981-08-07,3.95,3.95,3.95,3.95,3.95,3.95,3.95,3.95,3.95,3.82,3.72,3.71,3.71,3.71,3.71,3.71,3.71,3.71,3.71,3.71
1981-08-08,3.67,3.67,3.67,3.67,3.67,3.67,3.67,3.67,3.67,3.55,3.46,3.45,3.45,3.45,3.45,3.45,3.45,3.45,3.45,3.45
1981-08-09,7.54,7.54,7.54,7.54,7.54,7.54,7.54,7.54,7.54,7.28,7.10,7.08,7.08,7.08,7.08,7.08,7.08,7.08,7.08,7.08
1981-08-10,9.77,9.77,9.77,9.77,9.77,9.77,9.77,9.77,9.76,9.42,9.18,9.16,9.16,9.16,9.16,9.16,9.16,9.16,9.16,9.16
1981-08-11,5.80,5.80,5.80,5.80,5.80,5.80,5.80,5.80,5.80,5.60,5.45,5.44,5.44,5.44,5.44,5.44,5.44,5.44,5.44,5.44
1981-08-12,5.01,5.01,5.01,5.01,5.01,5.01,5.01,5.01,5.01,4.83,4.71,4.70,4.70,4.70,4.70,4.70,4.70,4.70,4.70,4.70
1981-08-13,7.13,7.13,7.13,7.13,7.13,7.13,7.13,7.13,7.12,6.87,6.69,6.67,6.67,6.67,6.67,6.67,6.67,6.67,6.67,6.67
1981-08-14,4.08,4.08,4.08,4.08,4.08,4.08,4.08,4.08,4.08,3.93,3.83,3.82,3.82,3.82,3.82,3.82,3.82,3.82,3.82,3.82
1981-08-15,3.39,3.39,3.39,3.39,3.39,3.39,3.39,3.39,3.39,3.27,3.18,3.17,3.17,3.17,3.17,3.17,3.17,3.17,3.17,3.17
1981-08-16,5.83,5.83,5.83,5.83,5.83,5.83,5.83,5.83,5.83,5.61,5.46,5.45,5.45,5.45,5.45,5.45,5.45,5.45,5.45,5.45
1981-08-17,36.14,36.14,36.14,36.14,36.14,36.14,36.14,36.14,36.11,34.77,33.83,33.72,33.72,33.72,33.72,33.72,33.72,33.72,33.72,33.72
1981-08-18,8.31,8.31,8.31,8.31,8.31,8.31,8.31,8.31,8.30,7.99,7.77,7.75,7.75,7.75,7.75,7.75,7.75,7.75,7.75,7.75
1981-08-19,3.53,3.53,3.53,3.53,3.53,3.53,3.53,3.53,3.53,3.39,3.30,3.29,3.29,3.29,3.29,3.29,3.29,3.29,3.29,3.29
1981-08-20,5.05,5.05,5.05,5.05,5.05,5.05,5.05,5.05,5.05,4.85,4.72,4.70,4.70,4.70,4.70,4.70,4.70,4.70,4.70,4.70
1981-08-21,14.20,14.20,14.20,14.20,14.20,14.20,14.20,14.20,14.19,13.64,13.26,13.21,13.21,13.21,13.21,13.21,13.21,13.21,13.21,13.21
1981-08-22,2.87,2.87,2.87,2.87,2.87,2.87,2.87,2.87,2.86,2.75,2.67,2.66,2.66,2.66,2.66,2.66,2.66,2.66,2.66,2.66
1981-08-23,7.48,7.48,7.48,7.48,7.48,7.48,7.48,7.48,7.47,7.18,6.97,6.95,6.95,6.95,6.95,6.95,6.95,6.95,6.95,6.95
1981-08-24,2.57,2.57,2.57,2.57,2.57,2.57,2.57,2.57,2.57,2.46,2.39,2.39,2.39,2.39,2.39,2.39,2.39,2.39,2.39,2.39
1981-08-25,6.57,6.57,6.57,6.57,6.57,6.57,6.57,6.57,6.57,6.31,6.12,6.10,6.10,6.10,6.10,6.10,6.10,6.10,6.10,6.10
1981-08-26,12.21,12.21,12.21,12.21,12.21,12.21,12.21,12.21,12.21,11.72,11.37,11.33,11.33,11.33,11.33,11.33,11.33,11.33,11.33,11.33
1981-08-27,3.32,3.32,3.32,3.32,3.32,3.32,3.32,3.32,3.32,3.18,3.09,3.08,3.08,3.08,3.08,3.08,3.08,3.08,3.08,3.08
1981-08-28,7.19,7.19,7.19,7.19,7.19,7.19,7.19,7.19,7.19,6.89,6.69,6.66,6.66,6.66,6.66,6.66,6.66,6.66,6.66,6.66
1981-08-29,2.93,2.93,2.93,2.93,2.93,2.93,2.93,2.93,2.93,2.81,2.73,2.72,2.72,2.72,2.72,2.72,2.72,2.72,2.72,2.72
1981-08-30,4.98,4.98,4.98,4.98,4.98,4.98,4.98,4.98,4.98,4.77,4.63,4.61,4.61,4.61,4.61,4.61,4.61,4.61,4.61,4.61
1981-08-31,3.32,3.32,3.32,3.32,3.32,3.32,3.32,3.32,3.32,3.18,3.08,3.07,3.07,3.07,3.07,3.07,3.07,3.07,3.07,3.07
1981-09-01,3.12,3.12,3.12,3.12,3.12,3.12,3.12,3.12,3.12,2.99,2.89,2.88,2.88,2.88,2.88,2.88,2.88,2.88,2.88,2.88
1981-09-02,4.50,4.50,4.50,4.50,4.50,4.50,4.50,4.50,4.50,4.31,4.17,4.16,4.16,4.16,4.16,4.16,4.16,4.16,4.16,4.16
1981-09-03,3.10,3.10,3.10,3.10,3.10,3.10,3.10,3.10,3.10,2.96,2.87,2.86,2.86,2.86,2.86,2.86,2.86,2.86,2.86,2.86
1981-09-04,2.20,2.20,2.20,2.20,2.20,2.20,2.20,2.20,2.20,2.10,2.04,2.03,2.03,2.03,2.03,2.03,2.03,2.03,2.03,2.03
1981-09-05,1.83,1.83,1.83,1.83,1.83,1.83,1.83,1.83,1.83,1.75,1.69,1.69,1.69,1.69,1.69,1.69,1.69,1.69,1.69,1.69
1981-09-06,7.53,7.53,7.53,7.53,7.53,7.53,7.53,7.53,7.52,7.19,6.95,6.93,6.93,6.93,6.93,6.93,6.93,6.93,6.93,6.93
1981-09-07,10.01,10.01,10.01,10.01,10.01,10.01,10.01,10.01,10.00,9.55,9.24,9.20,9.20,9.20,9.20,9.20,9.20,9.20,9.20,9.20
1981-09-08,10.29,10.29,10.29,10.29,10.29,10.29,10.29,10.29,10.28,9.82,9.49,9.46,9.46,9.46,9.46,9.46,9.46,9.46,9.46,9.46
1981-09-09,4.23,4.23,4.23,4.23,4.23,4.23,4.23,4.22,4.18,4.02,3.90,3.89,3.89,3.89,3.89,3.89,3.89,3.89,3.89,3.89
1981-09-10,0.35,0.35,0.35,0.35,0.35,0.35,0.35,0.34,0.33,0.29,0.27,0.26,0.26,0.26,0.26,0.26,0.26,0.26,0.26,0.26
1981-09-11,2.11,2.11,2.11,2.11,2.11,2.11,2.11,2.10,2.08,2.00,1.94,1.93,1.93,1.93,1.93,1.93,1.93,1.93,1.93,1.93
1981-09-12,5.25,5.25,5.25,5.25,5.25,5.25,5.25,5.24,5.18,4.98,4.84,4.82,4.82,4.82,4.82,4.82,4.82,4.82,4.82,4.82
1981-09-13,4.64,4.64,4.64,4.64,4.64,4.64,4.64,4.63,4.58,4.40,4.27,4.26,4.26,4.26,4.26,4.26,4.26,4.26,4.26,4.26
1981-09-14,8.69,8.69,8.69,8.69,8.69,8.69,8.69,8.67,8.58,8.23,7.99,7.97,7.97,7.97,7.97,7.97,7.97,7.97,7.97,7.97
1981-09-15,9.41,9.41,9.41,9.41,9.41,9.41,9.41,9.39,9.29,8.91,8.65,8.62,8.62,8.62,8.62,8.62,8.62,8.62,8.62,8.62
1981-09-16,9.41,9.41,9.41,9.41,9.41,9.41,9.41,9.39,9.29,8.91,8.65,8.62,8.62,8.62,8.62,8.62,8.62,8.62,8.62,8.62
1981-09-17,2.86,2.86,2.86,2.86,2.86,2.86,2.86,2.85,2.81,2.69,2.63,2.62,2.62,2.62,2.62,2.62,2.62,2.62,2.62,2.62
1981-09-18,5.20,5.20,5.20,5.20,5.20,5.20,5.20,5.19,5.11,4.89,4.78,4.76,4.76,4.76,4.76,4.76,4.76,4.76,4.76,4.76
1981-09-19,3.90,3.90,3.90,3.90,3.90,3.90,3.90,3.89,3.84,3.67,3.58,3.57,3.57,3.57,3.57,3.57,3.57,3.57,3.57,3.57
1981-09-20,0.20,0.20,0.20,0.20,0.20,0.20,0.20,0.20,0.17,0.11,0.09,0.08,0.08,0.08,0.08,0.08,0.08,0.08,0.08,0.08
1981-09-21,1.01,1.01,1.01,1.01,1.01,1.01,1.01,0.99,0.85,0.55,0.43,0.42,0.42,0.42,0.42,0.42,0.42,0.42,0.42,0.42
1981-09-22,0.17,0.17,0.17,0.17,0.17,0.17,0.17,0.17,0.15,0.10,0.07,0.07,0.07,0.07,0.07,0.07,0.07,0.07,0.07,0.07
1981-09-23,10.00,10.00,10.00,10.00,10.00,10.00,10.00,9.98,9.84,9.41,9.18,9.16,9.16,9.16,9.16,9.16,9.16,9.16,9.16,9.16
1981-09-24,0.27,0.27,0.27,0.27,0.27,0.27,0.27,0.26,0.23,0.15,0.12,0.12,0.12,0.12,0.12,0.12,0.12,0.12,0.12,0.12
1981-09-25,0.08,0.08,0.08,0.08,0.08,0.08,0.08,0.08,0.07,0.04,0.03,0.03,0.03,0.03,0.03,0.03,0.03,0.03,0.03,0.03
1981-09-26,0.13,0.13,0.13,0.13,0.13,0.13,0.13,0.12,0.11,0.07,0.05,0.05,0.05,0.05,0.05,0.05,0.05,0.05,0.05,0.05
1981-09-27,1.47,1.47,1.47,1.47,1.47,1.47,1.47,1.47,1.45,1.39,1.35,1.35,1.35,1.35,1.35,1.35,1.35,1.35,1.35,1.35
1981-09-28,9.69,9.69,9.69,9.69,9.69,9.69,9.69,9.67,9.53,9.12,8.90,8.87,8.87,8.87,8.87,8.87,8.87,8.87,8.87,8.87
1981-09-29,0.18,0.18,0.18,0.18,0.18,0.18,0.18,0.17,0.16,0.13,0.12,0.12,0.12,0.12,0.12,0.12,0.12,0.12,0.12,0.12
1981-09-30,0.14,0.14,0.14,0.14,0.14,0.14,0.14,0.14,0.12,0.08,0.06,0.06,0.06,0.06,0.06,0.06,0.06,0.06,0.06,0.06
1981-10-01,0.14,0.14,0.14,0.14,0.14,0.14,0.14,0.13,0.12,0.07,0.06,0.06,0.06,0.06,0.06,0.06,0.06,0.06,0.06,0.06
1981-10-02,0.14,0.14,0.14,0.14,0.14,0.14,0.14,0.13,0.12,0.07,0.06,0.06,0.06,0.06,0.06,0.06,0.06,0.06,0.06,0.06
1981-10-03,0.40,0.40,0.40,0.40,0.40,0.40,0.40,0.39,0.33,0.21,0.17,0.17,0.17,0.17,0.17,0.17,0.17,0.17,0.17,0.17
1981-10-04,0.12,0.12,0.12,0.12,0.12,0.12,0.12,0.12,0.10,0.06,0.05,0.05,0.05,0.05,0.05,0.05,0.05,0.05,0.05,0.05
1981-10-05,0.18,0.18,0.18,0.18,0.18,0.18,0.18,0.18,0.15,0.10,0.08,0.07,0.07,0.07,0.07,0.07,0.07,0.07,0.07,0.07
1981-10-06,0.30,0.30,0.30,0.30,0.30,0.30,0.30,0.29,0.25,0.16,0.13,0.12,0.12,0.12,0.12,0.12,0.12,0.12,0.12,0.12
1981-10-07,0.23,0.23,0.23,0.23,0.23,0.23,0.23,0.22,0.19,0.12,0.10,0.10,0.10,0.10,0.10,0.10,0.10,0.10,0.10,0.10
1981-10-08,0.23,0.23,0.23,0.23,0.23,0.23,0.23,0.23,0.19,0.12,0.10,0.10,0.10,0.10,0.10,0.10,0.10,0.10,0.10,0.10
1981-10-09,0.31,0.31,0.31,0.31,0.31,0.31,0.31,0.30,0.26,0.16,0.13,0.13,0.13,0.13,0.13,0.13,0.13,0.13,0.13,0.13
1981-10-10,0.31,0.31,0.31,0.31,0.31,0.31,0.31,0.30,0.26,0.16,0.13,0.13,0.13,0.13,0.13,0.13,0.13,0.13,0.13,0.13
1981-10-11,0.12,0.12,0.12,0.12,0.12,0.12,0.12,0.11,0.10,0.06,0.05,0.05,0.05,0.05,0.05,0.05,0.05,0.05,0.05,0.05
1981-10-12,0.20,0.20,0.20,0.20,0.20,0.20,0.20,0.20,0.17,0.11,0.09,0.09,0.09,0.09,0.09,0.09,0.09,0.09,0.09,0.09
1981-10-13,0.19,0.19,0.19,0.19,0.19,0.19,0.19,0.19,0.16,0.10,0.08,0.08,0.08,0.08,0.08,0.08,0.08,0.08,0.08,0.08
1981-10-14,0.13,0.13,0.13,0.13,0.13,0.13,0.13,0.13,0.11,0.07,0.06,0.06,0.06,0.06,0.06,0.06,0.06,0.06,0.06,0.06
1981-10-15,0.10,0.10,0.10,0.10,0.10,0.10,0.10,0.10,0.08,0.05,0.04,0.04,0.04,0.04,0.04,0.04,0.04,0.04,0.04,0.04
1981-10-16,0.16,0.16,0.16,0.16,0.16,0.16,0.16,0.16,0.13,0.09,0.07,0.07,0.07,0.07,0.07,0.07,0.07,0.07,0.07,0.07
1981-10-17,0.11,0.11,0.11,0.11,0.11,0.11,0.11,0.11,0.09,0.06,0.05,0.05,0.05,0.05,0.05,0.05,0.05,0.05,0.05,0.05
1981-10-18,0.06,0.06,0.06,0.06,0.06,0.06,0.06,0.06,0.05,0.03,0.03,0.02,0.02,0.02,0.02,0.02,0.02,0.02,0.02,0.02
1981-10-19,0.18,0.18,0.18,0.18,0.18,0.18,0.18,0.18,0.15,0.10,0.08,0.08,0.08,0.08,0.08,0.08,0.08,0.08,0.08,0.08
1981-10-20,0.22,0.22,0.22,0.22,0.22,0.22,0.22,0.22,0.18,0.12,0.10,0.10,0.10,0.10,0.10,0.10,0.10,0.10,0.10,0.10
1981-10-21,0.21,0.21,0.21,0.21,0.21,0.21,0.21,0.21,0.18,0.11,0.09,0.09,0.09,0.09,0.09,0.09,0.09,0.09,0.09,0.09
1981-10-22,1.15,1.15,1.15,1.15,1.15,1.15,1.15,1.13,0.95,0.60,0.51,0.50,0.50,0.50,0.50,0.50,0.50,0.50,0.50,0.50
1981-10-23,2.35,2.35,2.35,2.35,2.35,2.35,2.35,2.32,1.95,1.24,1.04,1.02,1.02,1.02,1.02,1.02,1.02,1.02,1.02,1.02
1981-10-24,0.36,0.36,0.36,0.36,0.36,0.36,0.36,0.36,0.31,0.19,0.16,0.16,0.16,0.16,0.16,0.16,0.16,0.16,0.16,0.16
1981-10-25,0.43,0.43,0.43,0.43,0.43,0.43,0.43,0.43,0.37,0.23,0.19,0.19,0.19,0.19,0.19,0.19,0.19,0.19,0.19,0.19
1981-10-26,0.78,0.78,0.78,0.78,0.78,0.78,0.78,0.77,0.66,0.41,0.35,0.34,0.34,0.34,0.34,0.34,0.34,0.34,0.34,0.34
1981-10-27,0.78,0.78,0.78,0.78,0.78,0.78,0.78,0.77,0.66,0.41,0.35,0.34,0.34,0.34,0.34,0.34,0.34,0.34,0.34,0.34
1981-10-28,3.33,3.33,3.33,3.33,3.33,3.33,3.33,3.33,3.29,3.16,3.09,3.07,3.07,3.07,3.07,3.07,3.07,3.07,3.07,3.07
1981-10-29,1.03,1.03,1.03,1.03,1.03,1.03,1.03,1.02,0.90,0.61,0.49,0.45,0.45,0.45,0.45,0.45,0.45,0.45,0.45,0.45
1981-10-30,1.89,1.89,1.89,1.89,1.89,1.89,1.89,1.87,1.65,1.11,0.90,0.83,0.83,0.83,0.83,0.83,0.83,0.83,0.83,0.83
1981-10-31,0.63,0.63,0.63,0.63,0.63,0.63,0.63,0.63,0.55,0.37,0.30,0.28,0.28,0.28,0.28,0.28,0.28,0.28,0.28,0.28
1981-11-01,0.67,0.67,0.67,0.67,0.67,0.67,0.67,0.66,0.58,0.40,0.32,0.30,0.30,0.30,0.30,0.30,0.30,0.30,0.30,0.30
1981-11-02,1.69,1.69,1.69,1.69,1.69,1.69,1.69,1.68,1.48,1.01,0.82,0.76,0.76,0.76,0.76,0.76,0.76,0.76,0.76,0.76
1981-11-03,3.40,3.40,3.40,3.40,3.40,3.40,3.40,3.37,2.98,2.04,1.66,1.54,1.54,1.54,1.54,1.54,1.54,1.54,1.54,1.54
1981-11-04,1.28,1.28,1.28,1.28,1.28,1.28,1.28,1.27,1.12,0.77,0.63,0.58,0.58,0.58,0.58,0.58,0.58,0.58,0.58,0.58
1981-11-05,1.78,1.78,1.78,1.78,1.78,1.78,1.78,1.76,1.57,1.08,0.88,0.82,0.82,0.82,0.82,0.82,0.82,0.82,0.82,0.82
1981-11-06,1.64,1.64,1.64,1.64,1.64,1.64,1.64,1.62,1.44,0.99,0.81,0.76,0.76,0.76,0.76,0.76,0.76,0.76,0.76,0.76
1981-11-07,14.74,14.74,14.74,14.74,14.74,14.74,14.74,14.62,13.08,9.02,7.27,6.79,6.79,6.79,6.79,6.79,6.79,6.79,6.79,6.79
1981-11-08,0.93,0.93,0.93,0.93,0.93,0.93,0.93,0.92,0.83,0.57,0.46,0.43,0.43,0.43,0.43,0.43,0.43,0.43,0.43,0.43
1981-11-09,1.11,1.11,1.11,1.11,1.11,1.11,1.11,1.10,0.99,0.69,0.56,0.52,0.52,0.52,0.52,0.52,0.52,0.52,0.52,0.52
1981-11-10,1.18,1.18,1.18,1.18,1.18,1.18,1.18,1.17,1.05,0.74,0.59,0.56,0.56,0.56,0.56,0.56,0.56,0.56,0.56,0.56
1981-11-11,0.45,0.45,0.45,0.45,0.45,0.45,0.45,0.45,0.41,0.28,0.23,0.22,0.22,0.22,0.22,0.22,0.22,0.22,0.22,0.22
1981-11-12,2.55,2.55,2.55,2.55,2.55,2.55,2.55,2.53,2.28,1.60,1.30,1.21,1.21,1.21,1.21,1.21,1.21,1.21,1.21,1.21
1981-11-13,1.01,1.01,1.01,1.01,1.01,1.01,1.01,1.00,0.90,0.63,0.52,0.48,0.48,0.48,0.48,0.48,0.48,0.48,0.48,0.48
1981-11-14,0.78,0.78,0.78,0.78,0.78,0.78,0.78,0.78,0.70,0.49,0.40,0.38,0.38,0.38,0.38,0.38,0.38,0.38,0.38,0.38
1981-11-15,1.28,1.28,1.28,1.28,1.28,1.28,1.28,1.27,1.14,0.81,0.66,0.61,0.61,0.61,0.61,0.61,0.61,0.61,0.61,0.61
1981-11-16,1.18,1.18,1.18,1.18,1.18,1.18,1.18,1.18,1.07,0.74,0.61,0.57,0.57,0.57,0.57,0.57,0.57,0.57,0.57,0.57
1981-11-17,6.93,6.93,6.93,6.93,6.93,6.93,6.93,6.88,6.25,4.35,3.57,3.36,3.36,3.36,3.36,3.36,3.36,3.36,3.36,3.36
1981-11-18,7.88,7.88,7.88,7.88,7.88,7.88,7.88,7.82,7.10,4.94,4.06,3.82,3.82,3.82,3.82,3.82,3.82,3.82,3.82,3.82
1981-11-19,1.00,1.00,1.00,1.00,1.00,1.00,1.00,0.99,0.90,0.63,0.52,0.49,0.49,0.49,0.49,0.49,0.49,0.49,0.49,0.49
1981-11-20,0.19,0.19,0.19,0.19,0.19,0.19,0.19,0.19,0.17,0.12,0.10,0.09,0.09,0.09,0.09,0.09,0.09,0.09,0.09,0.09
1981-11-21,0.19,0.19,0.19,0.19,0.19,0.19,0.19,0.19,0.17,0.12,0.10,0.09,0.09,0.09,0.09,0.09,0.09,0.09,0.09,0.09
1981-11-22,0.19,0.19,0.19,0.19,0.19,0.19,0.19,0.19,0.17,0.12,0.10,0.09,0.09,0.09,0.09,0.09,0.09,0.09,0.09,0.09
1981-11-23,0.75,0.75,0.75,0.75,0.75,0.75,0.75,0.75,0.75,0.70,0.57,0.53,0.53,0.53,0.53,0.53,0.53,0.53,0.53,0.53
1981-11-24,3.74,3.74,3.74,3.74,3.74,3.74,3.74,3.74,3.74,3.48,2.83,2.68,2.68,2.68,2.68,2.68,2.68,2.68,2.68,2.68
1981-11-25,0.47,0.47,0.47,0.47,0.47,0.47,0.47,0.47,0.47,0.44,0.36,0.34,0.34,0.34,0.34,0.34,0.34,0.34,0.34,0.34
1981-11-26,1.38,1.38,1.38,1.38,1.38,1.38,1.38,1.38,1.38,1.28,1.05,0.99,0.99,0.99,0.99,0.99,0.99,0.99,0.99,0.99
1981-11-27,0.61,0.61,0.61,0.61,0.61,0.61,0.61,0.61,0.61,0.56,0.46,0.44,0.44,0.44,0.44,0.44,0.44,0.44,0.44,0.44
1981-11-28,0.66,0.66,0.66,0.66,0.66,0.66,0.66,0.66,0.66,0.62,0.51,0.48,0.48,0.48,0.48,0.48,0.48,0.48,0.48,0.48
1981-11-29,0.53,0.53,0.53,0.53,0.53,0.53,0.53,0.53,0.53,0.49,0.40,0.38,0.38,0.38,0.38,0.38,0.38,0.38,0.38,0.38
1981-11-30,1.38,1.38,1.38,1.38,1.38,1.38,1.38,1.38,1.38,1.29,1.05,1.00,1.00,1.00,1.00,1.00,1.00,1.00,1.00,1.00
1981-12-01,0.40,0.40,0.40,0.40,0.40,0.40,0.40,0.40,0.40,0.37,0.31,0.29,0.29,0.29,0.29,0.29,0.29,0.29,0.29,0.29
1981-12-02,0.49,0.49,0.49,0.49,0.49,0.49,0.49,0.49,0.49,0.46,0.37,0.36,0.36,0.36,0.36,0.36,0.36,0.36,0.36,0.36
1981-12-03,0.49,0.49,0.49,0.49,0.49,0.49,0.49,0.49,0.49,0.46,0.37,0.36,0.36,0.36,0.36,0.36,0.36,0.36,0.36,0.36
1981-12-04,0.49,0.49,0.49,0.49,0.49,0.49,0.49,0.49,0.49,0.46,0.37,0.36,0.36,0.36,0.36,0.36,0.36,0.36,0.36,0.36
1981-12-05,0.49,0.49,0.49,0.49,0.49,0.49,0.49,0.49,0.49,0.46,0.37,0.36,0.36,0.36,0.36,0.36,0.36,0.36,0.36,0.36
1981-12-06,0.49,0.49,0.49,0.49,0.49,0.49,0.49,0.49,0.49,0.46,0.37,0.36,0.36,0.36,0.36,0.36,0.36,0.36,0.36,0.36
1981-12-07,0.19,0.19,0.19,0.19,0.19,0.19,0.19,0.19,0.19,0.19,0.19,0.19,0.19,0.19,0.19,0.19,0.19,0.19,0.19,0.19
1981-12-08,0.12,0.12,0.12,0.12,0.12,0.12,0.12,0.12,0.12,0.12,0.12,0.12,0.12,0.12,0.12,0.12,0.12,0.12,0.12,0.12
1981-12-09,0.12,0.12,0.12,0.12,0.12,0.12,0.12,0.12,0.12,0.12,0.12,0.12,0.12,0.12,0.12,0.12,0.12,0.12,0.12,0.12
1981-12-10,0.81,0.81,0.81,0.81,0.81,0.81,0.81,0.81,0.81,0.81,0.81,0.81,0.81,0.81,0.81,0.81,0.81,0.81,0.81,0.81
1981-12-11,0.57,0.57,0.57,0.57,0.57,0.57,0.57,0.57,0.57,0.57,0.57,0.57,0.57,0.57,0.57,0.57,0.57,0.57,0.57,0.57
1981-12-12,2.73,2.73,2.73,2.73,2.73,2.73,2.73,2.73,2.73,2.73,2.73,2.73,2.73,2.73,2.73,2.73,2.73,2.73,2.73,2.73
1981-12-13,0.32,0.32,0.32,0.32,0.32,0.32,0.32,0.32,0.32,0.32,0.32,0.32,0.32,0.32,0.32,0.32,0.32,0.32,0.32,0.32
1981-12-14,0.30,0.30,0.30,0.30,0.30,0.30,0.30,0.30,0.30,0.30,0.30,0.30,0.30,0.30,0.30,0.30,0.30,0.30,0.30,0.30
1981-12-15,0.50,0.50,0.50,0.50,0.50,0.50,0.50,0.50,0.50,0.50,0.50,0.50,0.50,0.50,0.50,0.50,0.50,0.50,0.50,0.50
1981-12-16,0.73,0.73,0.73,0.73,0.73,0.73,0.73,0.73,0.73,0.73,0.73,0.73,0.73,0.73,0.73,0.73,0.73,0.73,0.73,0.73
1981-12-17,0.63,0.63,0.63,0.63,0.63,0.63,0.63,0.63,0.63,0.63,0.63,0.63,0.63,0.63,0.63,0.63,0.63,0.63,0.63,0.63
1981-12-18,3.35,3.35,3.35,3.35,3.35,3.35,3.35,3.35,3.35,3.35,3.35,3.35,3.35,3.35,3.35,3.35,3.35,3.35,3.35,3.35
1981-12-19,0.40,0.40,0.40,0.40,0.40,0.40,0.40,0.40,0.40,0.40,0.40,0.40,0.40,0.40,0.40,0.40,0.40,0.40,0.40,0.40
1981-12-20,0.30,0.30,0.30,0.30,0.30,0.30,0.30,0.30,0.30,0.30,0.30,0.30,0.30,0.30,0.30,0.30,0.30,0.30,0.30,0.30
1981-12-21,0.24,0.24,0.24,0.24,0.24,0.24,0.24,0.24,0.24,0.24,0.24,0.24,0.24,0.24,0.24,0.24,0.24,0.24,0.24,0.24
1981-12-22,0.27,0.27,0.27,0.27,0.27,0.27,0.27,0.27,0.27,0.27,0.27,0.27,0.27,0.27,0.27,0.27,0.27,0.27,0.27,0.27
1981-12-23,0.30,0.30,0.30,0.30,0.30,0.30,0.30,0.30,0.30,0.30,0.30,0.30,0.30,0.30,0.30,0.30,0.30,0.30,0.30,0.30
1981-12-24,0.30,0.30,0.30,0.30,0.30,0.30,0.30,0.30,0.30,0.30,0.30,0.30,0.30,0.30,0.30,0.30,0.30,0.30,0.30,0.30
1981-12-25,0.08,0.08,0.08,0.08,0.08,0.08,0.08,0.08,0.08,0.08,0.08,0.08,0.08,0.08,0.08,0.08,0.08,0.08,0.08,0.08
1981-12-26,0.52,0.52,0.52,0.52,0.52,0.52,0.52,0.52,0.52,0.52,0.52,0.52,0.52,0.52,0.52,0.52,0.52,0.52,0.52,0.52
1981-12-27,1.27,1.27,1.27,1.27,1.27,1.27,1.27,1.27,1.27,1.27,1.27,1.27,1.27,1.27,1.27,1.27,1.27,1.27,1.27,1.27
1981-12-28,0.42,0.42,0.42,0.42,0.42,0.42,0.42,0.42,0.42,0.42,0.42,0.42,0.42,0.42,0.42,0.42,0.42,0.42,0.42,0.42
1981-12-29,0.48,0.48,0.48,0.48,0.48,0.48,0.48,0.48,0.48,0.48,0.48,0.48,0.48,0.48,0.48,0.48,0.48,0.48,0.48,0.48
1981-12-30,0.60,0.60,0.60,0.60,0.60,0.60,0.60,0.60,0.60,0.60,0.60,0.60,0.60,0.60,0.60,0.60,0.60,0.60,0.60,0.60
1981-12-31,0.65,0.65,0.65,0.65,0.65,0.65,0.65,0.65,0.65,0.65,0.65,0.65,0.65,0.65,0.65,0.65,0.65,0.65,0.65,0.65
